datetime,Q_scaled_cumecs
2017-01-01 11:00:00+00:00,38.65181
2017-01-02 11:00:00+00:00,33.81447
2017-01-03 11:00:00+00:00,28.81786
2017-01-04 11:00:00+00:00,29.48046
2017-01-05 11:00:00+00:00,32.3679
2017-01-06 11:00:00+00:00,35.25534
2017-01-07 11:00:00+00:00,33.81447
2017-01-08 11:00:00+00:00,34.5349
2017-01-09 11:00:00+00:00,33.81447
2017-01-10 11:00:00+00:00,34.78834
2017-01-11 11:00:00+00:00,34.08938
2017-01-12 11:00:00+00:00,32.70104
2017-01-13 11:00:00+00:00,32.05814
2017-01-14 11:00:00+00:00,28.15179
2017-01-15 11:00:00+00:00,23.40569
2017-01-16 11:00:00+00:00,18.64674
2017-01-17 11:00:00+00:00,24.42602
2017-01-18 11:00:00+00:00,24.47747
2017-01-19 11:00:00+00:00,24.52894
2017-01-20 11:00:00+00:00,24.58039
2017-01-21 11:00:00+00:00,24.63757
2017-01-22 11:00:00+00:00,24.68904
2017-01-23 11:00:00+00:00,24.74048
2017-01-24 11:00:00+00:00,24.79195
2017-01-25 11:00:00+00:00,24.8434
2017-01-26 11:00:00+00:00,30.24664
2017-01-27 11:00:00+00:00,33.14551
2017-01-28 11:00:00+00:00,35.07809
2017-01-29 11:00:00+00:00,31.21293
2017-01-30 11:00:00+00:00,25.10641
2017-01-31 11:00:00+00:00,25.15788
2017-02-01 11:00:00+00:00,25.21506
2017-02-02 11:00:00+00:00,25.26651
2017-02-03 11:00:00+00:00,25.31798
2017-02-04 11:00:00+00:00,25.36943
2017-02-05 11:00:00+00:00,25.4209
2017-02-06 11:00:00+00:00,25.47236
2017-02-07 11:00:00+00:00,25.52953
2017-02-08 11:00:00+00:00,25.58099
2017-02-09 11:00:00+00:00,25.63244
2017-02-10 11:00:00+00:00,25.68391
2017-02-11 11:00:00+00:00,25.73536
2017-02-12 11:00:00+00:00,25.78683
2017-02-13 11:00:00+00:00,30.24664
2017-02-14 11:00:00+00:00,35.07809
2017-02-15 11:00:00+00:00,36.04439
2017-02-16 11:00:00+00:00,37.01068
2017-02-17 11:00:00+00:00,32.17922
2017-02-18 11:00:00+00:00,27.34205
2017-02-19 11:00:00+00:00,26.15847
2017-02-20 11:00:00+00:00,26.20994
2017-02-21 11:00:00+00:00,26.26139
2017-02-22 11:00:00+00:00,26.31285
2017-02-23 11:00:00+00:00,26.36432
2017-02-24 11:00:00+00:00,26.41577
2017-02-25 11:00:00+00:00,26.47295
2017-02-26 11:00:00+00:00,26.5244
2017-02-27 11:00:00+00:00,26.57587
2017-02-28 11:00:00+00:00,26.62734
2017-03-01 11:00:00+00:00,26.67878
2017-03-02 11:00:00+00:00,26.73025
2017-03-03 11:00:00+00:00,26.78743
2017-03-04 11:00:00+00:00,26.83888
2017-03-05 11:00:00+00:00,26.89035
2017-03-06 11:00:00+00:00,26.9418
2017-03-07 11:00:00+00:00,26.99327
2017-03-08 11:00:00+00:00,27.04471
2017-03-09 11:00:00+00:00,27.1019
2017-03-10 11:00:00+00:00,27.15336
2017-03-11 11:00:00+00:00,27.20481
2017-03-12 11:00:00+00:00,27.25446
2017-03-13 11:00:00+00:00,26.71966
2017-03-14 11:00:00+00:00,25.7617
2017-03-15 11:00:00+00:00,25.91158
2017-03-16 11:00:00+00:00,25.25966
2017-03-17 11:00:00+00:00,24.90336
2017-03-18 11:00:00+00:00,25.01956
2017-03-19 11:00:00+00:00,24.25177
2017-03-20 11:00:00+00:00,24.8729
2017-03-21 11:00:00+00:00,25.51175
2017-03-22 11:00:00+00:00,25.63924
2017-03-23 11:00:00+00:00,24.37139
2017-03-24 11:00:00+00:00,23.52544
2017-03-25 11:00:00+00:00,23.02982
2017-03-26 11:00:00+00:00,22.32334
2017-03-27 11:00:00+00:00,22.46824
2017-03-28 11:00:00+00:00,23.14699
2017-03-29 11:00:00+00:00,22.90093
2017-03-30 11:00:00+00:00,23.94699
2017-03-31 11:00:00+00:00,24.7028
2017-04-01 11:00:00+00:00,25.91106
2017-04-02 11:00:00+00:00,25.28739
2017-04-03 11:00:00+00:00,24.3343
2017-04-04 11:00:00+00:00,23.126
2017-04-05 11:00:00+00:00,25.86687
2017-04-06 11:00:00+00:00,28.03389
2017-04-07 11:00:00+00:00,30.57185
2017-04-08 11:00:00+00:00,31.27528
2017-04-09 11:00:00+00:00,31.39724
2017-04-10 11:00:00+00:00,33.93799
2017-04-11 11:00:00+00:00,33.49122
2017-04-12 11:00:00+00:00,32.23333
2017-04-13 11:00:00+00:00,32.3645
2017-04-14 11:00:00+00:00,31.15637
2017-04-15 11:00:00+00:00,30.67508
2017-04-16 11:00:00+00:00,30.62782
2017-04-17 11:00:00+00:00,29.33532
2017-04-18 11:00:00+00:00,27.16303
2017-04-19 11:00:00+00:00,25.90494
2017-04-20 11:00:00+00:00,25.36641
2017-04-21 11:00:00+00:00,25.20944
2017-04-22 11:00:00+00:00,24.92247
2017-04-23 11:00:00+00:00,26.75966
2017-04-24 11:00:00+00:00,25.68939
2017-04-25 11:00:00+00:00,25.2839
2017-04-26 11:00:00+00:00,25.57267
2017-04-27 11:00:00+00:00,25.19115
2017-04-28 11:00:00+00:00,23.887
2017-04-29 11:00:00+00:00,22.98535
2017-04-30 11:00:00+00:00,23.65438
2017-05-01 11:00:00+00:00,24.15738
2017-05-02 11:00:00+00:00,27.82196
2017-05-03 11:00:00+00:00,31.21798
2017-05-04 11:00:00+00:00,32.85643
2017-05-05 11:00:00+00:00,50.81347
2017-05-06 11:00:00+00:00,87.96483
2017-05-07 11:00:00+00:00,89.32843
2017-05-08 11:00:00+00:00,74.77362
2017-05-09 11:00:00+00:00,65.20097
2017-05-10 11:00:00+00:00,58.50685
2017-05-11 11:00:00+00:00,56.60265
2017-05-12 11:00:00+00:00,52.5027
2017-05-13 11:00:00+00:00,50.54714
2017-05-14 11:00:00+00:00,52.91484
2017-05-15 11:00:00+00:00,49.81207
2017-05-16 11:00:00+00:00,51.37245
2017-05-17 11:00:00+00:00,58.53306
2017-05-18 11:00:00+00:00,87.22386
2017-05-19 11:00:00+00:00,133.17118
2017-05-20 11:00:00+00:00,150.3694
2017-05-21 11:00:00+00:00,168.0871
2017-05-22 11:00:00+00:00,188.76416
2017-05-23 11:00:00+00:00,234.03631
2017-05-24 11:00:00+00:00,207.42312
2017-05-25 11:00:00+00:00,198.9081
2017-05-26 11:00:00+00:00,227.37538
2017-05-27 11:00:00+00:00,197.71775
2017-05-28 11:00:00+00:00,185.27415
2017-05-29 11:00:00+00:00,169.72566
2017-05-30 11:00:00+00:00,151.43295
2017-05-31 11:00:00+00:00,137.58333
2017-06-01 11:00:00+00:00,129.7076
2017-06-02 11:00:00+00:00,127.97239
2017-06-03 11:00:00+00:00,134.69397
2017-06-04 11:00:00+00:00,148.70542
2017-06-05 11:00:00+00:00,151.92095
2017-06-06 11:00:00+00:00,177.20841
2017-06-07 11:00:00+00:00,315.877
2017-06-08 11:00:00+00:00,592.96612
2017-06-09 11:00:00+00:00,853.77056
2017-06-10 11:00:00+00:00,1027.61979
2017-06-11 11:00:00+00:00,1103.60538
2017-06-12 11:00:00+00:00,1141.79623
2017-06-13 11:00:00+00:00,1081.93284
2017-06-14 11:00:00+00:00,915.70936
2017-06-15 11:00:00+00:00,842.71363
2017-06-16 11:00:00+00:00,804.22831
2017-06-17 11:00:00+00:00,774.23614
2017-06-18 11:00:00+00:00,773.21416
2017-06-19 11:00:00+00:00,742.59924
2017-06-20 11:00:00+00:00,686.48319
2017-06-21 11:00:00+00:00,657.65601
2017-06-22 11:00:00+00:00,579.35496
2017-06-23 11:00:00+00:00,490.1352
2017-06-24 11:00:00+00:00,442.25882
2017-06-25 11:00:00+00:00,471.65214
2017-06-26 11:00:00+00:00,510.57566
2017-06-27 11:00:00+00:00,553.15976
2017-06-28 11:00:00+00:00,577.61372
2017-06-29 11:00:00+00:00,519.71673
2017-06-30 11:00:00+00:00,459.81107
2017-07-01 11:00:00+00:00,451.98276
2017-07-02 11:00:00+00:00,521.33445
2017-07-03 11:00:00+00:00,587.92953
2017-07-04 11:00:00+00:00,623.52958
2017-07-05 11:00:00+00:00,537.8728
2017-07-06 11:00:00+00:00,418.20594
2017-07-07 11:00:00+00:00,357.49665
2017-07-08 11:00:00+00:00,328.0991
2017-07-09 11:00:00+00:00,327.7903
2017-07-10 11:00:00+00:00,404.71847
2017-07-11 11:00:00+00:00,447.71965
2017-07-12 11:00:00+00:00,491.58473
2017-07-13 11:00:00+00:00,529.80811
2017-07-14 11:00:00+00:00,572.74183
2017-07-15 11:00:00+00:00,771.75305
2017-07-16 11:00:00+00:00,582.90857
2017-07-17 11:00:00+00:00,545.19158
2017-07-18 11:00:00+00:00,619.52435
2017-07-19 11:00:00+00:00,662.7744
2017-07-20 11:00:00+00:00,548.57516
2017-07-21 11:00:00+00:00,453.52217
2017-07-22 11:00:00+00:00,383.44793
2017-07-23 11:00:00+00:00,353.1238
2017-07-24 11:00:00+00:00,346.47519
2017-07-25 11:00:00+00:00,332.67047
2017-07-26 11:00:00+00:00,322.26496
2017-07-27 11:00:00+00:00,304.96858
2017-07-28 11:00:00+00:00,295.81923
2017-07-29 11:00:00+00:00,306.83095
2017-07-30 11:00:00+00:00,347.33891
2017-07-31 11:00:00+00:00,416.67792
2017-08-01 11:00:00+00:00,355.70505
2017-08-02 11:00:00+00:00,391.79274
2017-08-03 11:00:00+00:00,393.57202
2017-08-04 11:00:00+00:00,357.91665
2017-08-05 11:00:00+00:00,315.60312
2017-08-06 11:00:00+00:00,299.85699
2017-08-07 11:00:00+00:00,276.38054
2017-08-08 11:00:00+00:00,261.40532
2017-08-09 11:00:00+00:00,260.95976
2017-08-10 11:00:00+00:00,254.35453
2017-08-11 11:00:00+00:00,258.47556
2017-08-12 11:00:00+00:00,248.88893
2017-08-13 11:00:00+00:00,234.37066
2017-08-14 11:00:00+00:00,210.74458
2017-08-15 11:00:00+00:00,207.70803
2017-08-16 11:00:00+00:00,178.30574
2017-08-17 11:00:00+00:00,190.11204
2017-08-18 11:00:00+00:00,193.83273
2017-08-19 11:00:00+00:00,181.23846
2017-08-20 11:00:00+00:00,209.87975
2017-08-21 11:00:00+00:00,338.86672
2017-08-22 11:00:00+00:00,269.68285
2017-08-23 11:00:00+00:00,229.09713
2017-08-24 11:00:00+00:00,198.22874
2017-08-25 11:00:00+00:00,184.19297
2017-08-26 11:00:00+00:00,205.45304
2017-08-27 11:00:00+00:00,196.35387
2017-08-28 11:00:00+00:00,175.40557
2017-08-29 11:00:00+00:00,170.70921
2017-08-30 11:00:00+00:00,175.6802
2017-08-31 11:00:00+00:00,204.57866
2017-09-01 11:00:00+00:00,219.54781
2017-09-02 11:00:00+00:00,191.40845
2017-09-03 11:00:00+00:00,174.08263
2017-09-04 11:00:00+00:00,162.02534
2017-09-05 11:00:00+00:00,151.70367
2017-09-06 11:00:00+00:00,142.07797
2017-09-07 11:00:00+00:00,132.59072
2017-09-08 11:00:00+00:00,123.99762
2017-09-09 11:00:00+00:00,117.21555
2017-09-10 11:00:00+00:00,112.72221
2017-09-11 11:00:00+00:00,126.09192
2017-09-12 11:00:00+00:00,155.69377
2017-09-13 11:00:00+00:00,156.42543
2017-09-14 11:00:00+00:00,168.81
2017-09-15 11:00:00+00:00,155.10212
2017-09-16 11:00:00+00:00,146.52631
2017-09-17 11:00:00+00:00,138.10978
2017-09-18 11:00:00+00:00,136.06257
2017-09-19 11:00:00+00:00,131.03947
2017-09-20 11:00:00+00:00,124.23928
2017-09-21 11:00:00+00:00,117.35499
2017-09-22 11:00:00+00:00,111.95739
2017-09-23 11:00:00+00:00,106.57345
2017-09-24 11:00:00+00:00,101.47023
2017-09-25 11:00:00+00:00,98.1161
2017-09-26 11:00:00+00:00,94.95049
2017-09-27 11:00:00+00:00,93.34081
2017-09-28 11:00:00+00:00,90.74085
2017-09-29 11:00:00+00:00,86.11783
2017-09-30 11:00:00+00:00,82.67482
2017-10-01 11:00:00+00:00,78.8877
2017-10-02 11:00:00+00:00,76.35354
2017-10-03 11:00:00+00:00,75.14788
2017-10-04 11:00:00+00:00,72.41673
2017-10-05 11:00:00+00:00,72.01501
2017-10-06 11:00:00+00:00,70.53936
2017-10-07 11:00:00+00:00,68.00706
2017-10-08 11:00:00+00:00,65.58409
2017-10-09 11:00:00+00:00,64.38037
2017-10-10 11:00:00+00:00,61.70411
2017-10-11 11:00:00+00:00,57.58964
2017-10-12 11:00:00+00:00,53.54901
2017-10-13 11:00:00+00:00,50.80409
2017-10-14 11:00:00+00:00,47.39999
2017-10-15 11:00:00+00:00,51.39613
2017-10-16 11:00:00+00:00,55.19889
2017-10-17 11:00:00+00:00,89.78174
2017-10-18 11:00:00+00:00,86.90551
2017-10-19 11:00:00+00:00,83.50456
2017-10-20 11:00:00+00:00,80.3344
2017-10-21 11:00:00+00:00,62.52552
2017-10-22 11:00:00+00:00,57.9557
2017-10-23 11:00:00+00:00,54.51657
2017-10-24 11:00:00+00:00,44.39589
2017-10-25 11:00:00+00:00,58.46901
2017-10-26 11:00:00+00:00,61.4655
2017-10-27 11:00:00+00:00,58.75739
2017-10-28 11:00:00+00:00,58.11629
2017-10-29 11:00:00+00:00,52.86876
2017-10-30 11:00:00+00:00,50.40476
2017-10-31 11:00:00+00:00,48.29069
2017-11-01 11:00:00+00:00,42.92917
2017-11-02 11:00:00+00:00,56.0196
2017-11-03 11:00:00+00:00,56.96996
2017-11-04 11:00:00+00:00,69.27987
2017-11-05 11:00:00+00:00,62.01787
2017-11-06 11:00:00+00:00,56.7955
2017-11-07 11:00:00+00:00,57.69358
2017-11-08 11:00:00+00:00,54.68113
2017-11-09 11:00:00+00:00,56.60074
2017-11-10 11:00:00+00:00,52.17796
2017-11-11 11:00:00+00:00,44.14637
2017-11-12 11:00:00+00:00,40.48703
2017-11-13 11:00:00+00:00,39.44641
2017-11-14 11:00:00+00:00,38.0856
2017-11-15 11:00:00+00:00,38.07989
2017-11-16 11:00:00+00:00,38.07417
2017-11-17 11:00:00+00:00,38.06274
2017-11-18 11:00:00+00:00,38.05702
2017-11-19 11:00:00+00:00,38.0513
2017-11-20 11:00:00+00:00,38.03985
2017-11-21 11:00:00+00:00,38.03413
2017-11-22 11:00:00+00:00,38.02842
2017-11-23 11:00:00+00:00,38.01699
2017-11-24 11:00:00+00:00,38.01127
2017-11-25 11:00:00+00:00,38.00555
2017-11-26 11:00:00+00:00,37.99984
2017-11-27 11:00:00+00:00,37.9884
2017-11-28 11:00:00+00:00,37.98269
2017-11-29 11:00:00+00:00,37.97697
2017-11-30 11:00:00+00:00,37.96552
2017-12-01 11:00:00+00:00,37.9598
2017-12-02 11:00:00+00:00,37.95409
2017-12-03 11:00:00+00:00,37.94265
2017-12-04 11:00:00+00:00,37.93694
2017-12-05 11:00:00+00:00,37.93122
2017-12-06 11:00:00+00:00,37.9255
2017-12-07 11:00:00+00:00,37.91407
2017-12-08 11:00:00+00:00,37.90835
2017-12-09 11:00:00+00:00,37.90264
2017-12-10 11:00:00+00:00,37.8912
2017-12-11 11:00:00+00:00,37.88547
2017-12-12 11:00:00+00:00,37.87975
2017-12-13 11:00:00+00:00,37.86834
2017-12-14 11:00:00+00:00,37.8626
2017-12-15 11:00:00+00:00,37.85689
2017-12-16 11:00:00+00:00,37.85117
2017-12-17 11:00:00+00:00,37.83974
2017-12-18 11:00:00+00:00,37.83402
2017-12-19 11:00:00+00:00,37.8283
2017-12-20 11:00:00+00:00,37.81687
2017-12-21 11:00:00+00:00,37.81115
2017-12-22 11:00:00+00:00,37.80544
2017-12-23 11:00:00+00:00,37.794
2017-12-24 11:00:00+00:00,37.78827
2017-12-25 11:00:00+00:00,37.78257
2017-12-26 11:00:00+00:00,37.77684
2017-12-27 11:00:00+00:00,37.7654
2017-12-28 11:00:00+00:00,37.75969
2017-12-29 11:00:00+00:00,37.75397
2017-12-30 11:00:00+00:00,37.74254
2017-12-31 11:00:00+00:00,37.73682
2018-01-01 11:00:00+00:00,41.10186
2018-01-02 11:00:00+00:00,42.03562
2018-01-03 11:00:00+00:00,41.36654
2018-01-04 11:00:00+00:00,40.87761
2018-01-05 11:00:00+00:00,41.09267
2018-01-06 11:00:00+00:00,41.76174
2018-01-07 11:00:00+00:00,41.16435
2018-01-08 11:00:00+00:00,41.05223
2018-01-09 11:00:00+00:00,41.32794
2018-01-10 11:00:00+00:00,41.68086
2018-01-11 11:00:00+00:00,41.28567
2018-01-12 11:00:00+00:00,41.01363
2018-01-13 11:00:00+00:00,40.3997
2018-01-14 11:00:00+00:00,40.28023
2018-01-15 11:00:00+00:00,40.34456
2018-01-16 11:00:00+00:00,39.98613
2018-01-17 11:00:00+00:00,39.42551
2018-01-18 11:00:00+00:00,39.49352
2018-01-19 11:00:00+00:00,40.04127
2018-01-20 11:00:00+00:00,38.11126
2018-01-21 11:00:00+00:00,38.05979
2018-01-22 11:00:00+00:00,38.43661
2018-01-23 11:00:00+00:00,38.33
2018-01-24 11:00:00+00:00,37.43116
2018-01-25 11:00:00+00:00,36.91649
2018-01-26 11:00:00+00:00,36.5066
2018-01-27 11:00:00+00:00,35.60409
2018-01-28 11:00:00+00:00,32.61349
2018-01-29 11:00:00+00:00,31.53636
2018-01-30 11:00:00+00:00,29.84531
2018-01-31 11:00:00+00:00,31.84332
2018-02-01 11:00:00+00:00,35.43131
2018-02-02 11:00:00+00:00,35.94965
2018-02-03 11:00:00+00:00,32.73664
2018-02-04 11:00:00+00:00,31.50328
2018-02-05 11:00:00+00:00,29.48687
2018-02-06 11:00:00+00:00,31.27535
2018-02-07 11:00:00+00:00,34.51041
2018-02-08 11:00:00+00:00,35.957
2018-02-09 11:00:00+00:00,35.50483
2018-02-10 11:00:00+00:00,35.61328
2018-02-11 11:00:00+00:00,35.05266
2018-02-12 11:00:00+00:00,34.69423
2018-02-13 11:00:00+00:00,34.90745
2018-02-14 11:00:00+00:00,36.03053
2018-02-15 11:00:00+00:00,34.94788
2018-02-16 11:00:00+00:00,35.60041
2018-02-17 11:00:00+00:00,36.15919
2018-02-18 11:00:00+00:00,35.33205
2018-02-19 11:00:00+00:00,36.1114
2018-02-20 11:00:00+00:00,36.45513
2018-02-21 11:00:00+00:00,36.22904
2018-02-22 11:00:00+00:00,35.09677
2018-02-23 11:00:00+00:00,33.8873
2018-02-24 11:00:00+00:00,33.83951
2018-02-25 11:00:00+00:00,35.91289
2018-02-26 11:00:00+00:00,34.12257
2018-02-27 11:00:00+00:00,33.11713
2018-02-28 11:00:00+00:00,33.17411
2018-03-01 11:00:00+00:00,33.99942
2018-03-02 11:00:00+00:00,33.02155
2018-03-03 11:00:00+00:00,32.49585
2018-03-04 11:00:00+00:00,32.12823
2018-03-05 11:00:00+00:00,33.08405
2018-03-06 11:00:00+00:00,33.13367
2018-03-07 11:00:00+00:00,32.72378
2018-03-08 11:00:00+00:00,32.02346
2018-03-09 11:00:00+00:00,32.10434
2018-03-10 11:00:00+00:00,30.68164
2018-03-11 11:00:00+00:00,27.95941
2018-03-12 11:00:00+00:00,25.50554
2018-03-13 11:00:00+00:00,27.92816
2018-03-14 11:00:00+00:00,28.27924
2018-03-15 11:00:00+00:00,29.21116
2018-03-16 11:00:00+00:00,28.97956
2018-03-17 11:00:00+00:00,27.94654
2018-03-18 11:00:00+00:00,28.06418
2018-03-19 11:00:00+00:00,29.3674
2018-03-20 11:00:00+00:00,29.01448
2018-03-21 11:00:00+00:00,29.43173
2018-03-22 11:00:00+00:00,29.61187
2018-03-23 11:00:00+00:00,30.23866
2018-03-24 11:00:00+00:00,29.38578
2018-03-25 11:00:00+00:00,29.25711
2018-03-26 11:00:00+00:00,29.51261
2018-03-27 11:00:00+00:00,29.18359
2018-03-28 11:00:00+00:00,29.35821
2018-03-29 11:00:00+00:00,28.92441
2018-03-30 11:00:00+00:00,28.52922
2018-03-31 11:00:00+00:00,27.89691
2018-04-01 11:00:00+00:00,27.77376
2018-04-02 11:00:00+00:00,27.68921
2018-04-03 11:00:00+00:00,29.25527
2018-04-04 11:00:00+00:00,28.27924
2018-04-05 11:00:00+00:00,27.93
2018-04-06 11:00:00+00:00,28.1616
2018-04-07 11:00:00+00:00,27.98698
2018-04-08 11:00:00+00:00,27.8675
2018-04-09 11:00:00+00:00,28.68362
2018-04-10 11:00:00+00:00,28.19101
2018-04-11 11:00:00+00:00,28.67811
2018-04-12 11:00:00+00:00,28.59539
2018-04-13 11:00:00+00:00,30.76803
2018-04-14 11:00:00+00:00,29.20748
2018-04-15 11:00:00+00:00,28.33071
2018-04-16 11:00:00+00:00,30.29196
2018-04-17 11:00:00+00:00,31.22021
2018-04-18 11:00:00+00:00,32.15029
2018-04-19 11:00:00+00:00,32.40027
2018-04-20 11:00:00+00:00,33.37998
2018-04-21 11:00:00+00:00,36.5599
2018-04-22 11:00:00+00:00,47.29397
2018-04-23 11:00:00+00:00,52.42539
2018-04-24 11:00:00+00:00,60.37841
2018-04-25 11:00:00+00:00,75.02364
2018-04-26 11:00:00+00:00,80.18605
2018-04-27 11:00:00+00:00,70.29348
2018-04-28 11:00:00+00:00,68.75416
2018-04-29 11:00:00+00:00,65.6074
2018-04-30 11:00:00+00:00,61.4607
2018-05-01 11:00:00+00:00,54.35557
2018-05-02 11:00:00+00:00,59.19633
2018-05-03 11:00:00+00:00,74.73222
2018-05-04 11:00:00+00:00,103.68313
2018-05-05 11:00:00+00:00,119.93114
2018-05-06 11:00:00+00:00,142.21541
2018-05-07 11:00:00+00:00,167.40955
2018-05-08 11:00:00+00:00,120.76303
2018-05-09 11:00:00+00:00,118.90706
2018-05-10 11:00:00+00:00,192.68906
2018-05-11 11:00:00+00:00,318.64022
2018-05-12 11:00:00+00:00,413.47778
2018-05-13 11:00:00+00:00,440.36925
2018-05-14 11:00:00+00:00,455.72147
2018-05-15 11:00:00+00:00,541.56059
2018-05-16 11:00:00+00:00,585.03231
2018-05-17 11:00:00+00:00,570.69932
2018-05-18 11:00:00+00:00,436.82851
2018-05-19 11:00:00+00:00,355.11465
2018-05-20 11:00:00+00:00,303.51519
2018-05-21 11:00:00+00:00,365.06431
2018-05-22 11:00:00+00:00,401.03859
2018-05-23 11:00:00+00:00,350.25249
2018-05-24 11:00:00+00:00,274.04045
2018-05-25 11:00:00+00:00,225.27369
2018-05-26 11:00:00+00:00,242.6754
2018-05-27 11:00:00+00:00,232.85661
2018-05-28 11:00:00+00:00,212.01563
2018-05-29 11:00:00+00:00,313.06414
2018-05-30 11:00:00+00:00,381.44329
2018-05-31 11:00:00+00:00,305.11158
2018-06-01 11:00:00+00:00,292.01711
2018-06-02 11:00:00+00:00,294.57575
2018-06-03 11:00:00+00:00,264.42073
2018-06-04 11:00:00+00:00,257.59051
2018-06-05 11:00:00+00:00,223.57271
2018-06-06 11:00:00+00:00,191.29486
2018-06-07 11:00:00+00:00,171.0533
2018-06-08 11:00:00+00:00,155.87666
2018-06-09 11:00:00+00:00,144.96356
2018-06-10 11:00:00+00:00,161.12527
2018-06-11 11:00:00+00:00,201.29819
2018-06-12 11:00:00+00:00,206.80773
2018-06-13 11:00:00+00:00,184.09022
2018-06-14 11:00:00+00:00,158.63144
2018-06-15 11:00:00+00:00,221.06204
2018-06-16 11:00:00+00:00,339.62935
2018-06-17 11:00:00+00:00,296.05322
2018-06-18 11:00:00+00:00,271.85457
2018-06-19 11:00:00+00:00,349.22426
2018-06-20 11:00:00+00:00,643.18902
2018-06-21 11:00:00+00:00,844.79822
2018-06-22 11:00:00+00:00,747.2592
2018-06-23 11:00:00+00:00,609.2725
2018-06-24 11:00:00+00:00,612.91985
2018-06-25 11:00:00+00:00,458.71335
2018-06-26 11:00:00+00:00,415.89158
2018-06-27 11:00:00+00:00,404.0847
2018-06-28 11:00:00+00:00,376.258
2018-06-29 11:00:00+00:00,317.81859
2018-06-30 11:00:00+00:00,284.25259
2018-07-01 11:00:00+00:00,247.29455
2018-07-02 11:00:00+00:00,254.48522
2018-07-03 11:00:00+00:00,288.46938
2018-07-04 11:00:00+00:00,288.2716
2018-07-05 11:00:00+00:00,267.67105
2018-07-06 11:00:00+00:00,273.12158
2018-07-07 11:00:00+00:00,258.0153
2018-07-08 11:00:00+00:00,231.18228
2018-07-09 11:00:00+00:00,206.30114
2018-07-10 11:00:00+00:00,195.57764
2018-07-11 11:00:00+00:00,190.88919
2018-07-12 11:00:00+00:00,187.70283
2018-07-13 11:00:00+00:00,186.64978
2018-07-14 11:00:00+00:00,169.18762
2018-07-15 11:00:00+00:00,155.33422
2018-07-16 11:00:00+00:00,150.00901
2018-07-17 11:00:00+00:00,151.86246
2018-07-18 11:00:00+00:00,166.45433
2018-07-19 11:00:00+00:00,175.21462
2018-07-20 11:00:00+00:00,228.758
2018-07-21 11:00:00+00:00,206.32614
2018-07-22 11:00:00+00:00,196.29028
2018-07-23 11:00:00+00:00,175.91503
2018-07-24 11:00:00+00:00,161.22176
2018-07-25 11:00:00+00:00,152.3293
2018-07-26 11:00:00+00:00,194.15734
2018-07-27 11:00:00+00:00,169.49514
2018-07-28 11:00:00+00:00,146.48161
2018-07-29 11:00:00+00:00,136.07974
2018-07-30 11:00:00+00:00,137.1426
2018-07-31 11:00:00+00:00,134.87115
2018-08-01 11:00:00+00:00,125.14368
2018-08-02 11:00:00+00:00,139.52756
2018-08-03 11:00:00+00:00,122.75909
2018-08-04 11:00:00+00:00,118.35949
2018-08-05 11:00:00+00:00,119.81262
2018-08-06 11:00:00+00:00,110.79233
2018-08-07 11:00:00+00:00,101.94917
2018-08-08 11:00:00+00:00,95.40526
2018-08-09 11:00:00+00:00,91.83029
2018-08-10 11:00:00+00:00,102.88226
2018-08-11 11:00:00+00:00,97.26959
2018-08-12 11:00:00+00:00,118.76182
2018-08-13 11:00:00+00:00,130.2533
2018-08-14 11:00:00+00:00,128.56507
2018-08-15 11:00:00+00:00,126.11725
2018-08-16 11:00:00+00:00,126.48671
2018-08-17 11:00:00+00:00,154.17136
2018-08-18 11:00:00+00:00,165.03871
2018-08-19 11:00:00+00:00,184.20143
2018-08-20 11:00:00+00:00,253.90805
2018-08-21 11:00:00+00:00,288.2308
2018-08-22 11:00:00+00:00,320.54541
2018-08-23 11:00:00+00:00,303.9477
2018-08-24 11:00:00+00:00,244.56791
2018-08-25 11:00:00+00:00,212.15992
2018-08-26 11:00:00+00:00,192.60451
2018-08-27 11:00:00+00:00,156.32194
2018-08-28 11:00:00+00:00,132.61059
2018-08-29 11:00:00+00:00,111.18331
2018-08-30 11:00:00+00:00,106.18992
2018-08-31 11:00:00+00:00,110.19831
2018-09-01 11:00:00+00:00,104.56089
2018-09-02 11:00:00+00:00,96.51161
2018-09-03 11:00:00+00:00,95.6373
2018-09-04 11:00:00+00:00,92.87222
2018-09-05 11:00:00+00:00,89.39839
2018-09-06 11:00:00+00:00,82.8731
2018-09-07 11:00:00+00:00,78.61097
2018-09-08 11:00:00+00:00,74.14528
2018-09-09 11:00:00+00:00,70.79034
2018-09-10 11:00:00+00:00,68.44795
2018-09-11 11:00:00+00:00,66.63506
2018-09-12 11:00:00+00:00,67.64903
2018-09-13 11:00:00+00:00,67.31319
2018-09-14 11:00:00+00:00,67.46837
2018-09-15 11:00:00+00:00,69.78043
2018-09-16 11:00:00+00:00,70.70426
2018-09-17 11:00:00+00:00,92.28386
2018-09-18 11:00:00+00:00,84.53169
2018-09-19 11:00:00+00:00,81.28759
2018-09-20 11:00:00+00:00,96.14109
2018-09-21 11:00:00+00:00,106.40622
2018-09-22 11:00:00+00:00,105.29671
2018-09-23 11:00:00+00:00,125.20406
2018-09-24 11:00:00+00:00,141.92363
2018-09-25 11:00:00+00:00,146.08068
2018-09-26 11:00:00+00:00,143.54943
2018-09-27 11:00:00+00:00,168.12814
2018-09-28 11:00:00+00:00,152.42104
2018-09-29 11:00:00+00:00,134.73507
2018-09-30 11:00:00+00:00,127.65587
2018-10-01 11:00:00+00:00,125.2713
2018-10-02 11:00:00+00:00,124.75733
2018-10-03 11:00:00+00:00,116.96196
2018-10-04 11:00:00+00:00,111.25856
2018-10-05 11:00:00+00:00,101.87506
2018-10-06 11:00:00+00:00,95.36958
2018-10-07 11:00:00+00:00,94.19625
2018-10-08 11:00:00+00:00,91.2986
2018-10-09 11:00:00+00:00,92.74124
2018-10-10 11:00:00+00:00,106.17675
2018-10-11 11:00:00+00:00,107.25721
2018-10-12 11:00:00+00:00,114.5273
2018-10-13 11:00:00+00:00,132.01637
2018-10-14 11:00:00+00:00,154.14349
2018-10-15 11:00:00+00:00,238.54187
2018-10-16 11:00:00+00:00,208.11646
2018-10-17 11:00:00+00:00,176.95198
2018-10-18 11:00:00+00:00,159.57575
2018-10-19 11:00:00+00:00,187.55891
2018-10-20 11:00:00+00:00,194.52827
2018-10-21 11:00:00+00:00,178.79481
2018-10-22 11:00:00+00:00,174.39198
2018-10-23 11:00:00+00:00,154.16798
2018-10-24 11:00:00+00:00,132.42138
2018-10-25 11:00:00+00:00,112.89964
2018-10-26 11:00:00+00:00,111.25601
2018-10-27 11:00:00+00:00,113.58628
2018-10-28 11:00:00+00:00,111.27715
2018-10-29 11:00:00+00:00,104.31424
2018-10-30 11:00:00+00:00,93.99905
2018-10-31 11:00:00+00:00,113.10634
2018-11-01 11:00:00+00:00,115.43648
2018-11-02 11:00:00+00:00,103.55334
2018-11-03 11:00:00+00:00,89.93324
2018-11-04 11:00:00+00:00,85.29041
2018-11-05 11:00:00+00:00,98.95326
2018-11-06 11:00:00+00:00,114.31869
2018-11-07 11:00:00+00:00,118.05661
2018-11-08 11:00:00+00:00,99.20536
2018-11-09 11:00:00+00:00,84.37979
2018-11-10 11:00:00+00:00,88.5109
2018-11-11 11:00:00+00:00,80.27325
2018-11-12 11:00:00+00:00,77.44501
2018-11-13 11:00:00+00:00,83.83575
2018-11-14 11:00:00+00:00,80.1271
2018-11-15 11:00:00+00:00,82.57202
2018-11-16 11:00:00+00:00,98.2107
2018-11-17 11:00:00+00:00,148.19562
2018-11-18 11:00:00+00:00,128.67924
2018-11-19 11:00:00+00:00,96.01139
2018-11-20 11:00:00+00:00,104.44394
2018-11-21 11:00:00+00:00,96.78983
2018-11-22 11:00:00+00:00,86.54705
2018-11-23 11:00:00+00:00,88.18265
2018-11-24 11:00:00+00:00,97.88749
2018-11-25 11:00:00+00:00,91.939
2018-11-26 11:00:00+00:00,81.31348
2018-11-27 11:00:00+00:00,64.58026
2018-11-28 11:00:00+00:00,64.44762
2018-11-29 11:00:00+00:00,64.31712
2018-11-30 11:00:00+00:00,64.18476
2018-12-01 11:00:00+00:00,64.05427
2018-12-02 11:00:00+00:00,63.92193
2018-12-03 11:00:00+00:00,63.79142
2018-12-04 11:00:00+00:00,63.65908
2018-12-05 11:00:00+00:00,63.52673
2018-12-06 11:00:00+00:00,63.39623
2018-12-07 11:00:00+00:00,63.26389
2018-12-08 11:00:00+00:00,63.13338
2018-12-09 11:00:00+00:00,63.00104
2018-12-10 11:00:00+00:00,62.87053
2018-12-11 11:00:00+00:00,62.73819
2018-12-12 11:00:00+00:00,62.60586
2018-12-13 11:00:00+00:00,62.47534
2018-12-14 11:00:00+00:00,62.343
2018-12-15 11:00:00+00:00,62.21249
2018-12-16 11:00:00+00:00,62.08015
2018-12-17 11:00:00+00:00,61.94964
2018-12-18 11:00:00+00:00,61.8173
2018-12-19 11:00:00+00:00,61.68679
2018-12-20 11:00:00+00:00,61.55445
2018-12-21 11:00:00+00:00,61.4221
2018-12-22 11:00:00+00:00,61.2916
2018-12-23 11:00:00+00:00,61.15926
2018-12-24 11:00:00+00:00,61.02875
2018-12-25 11:00:00+00:00,60.89641
2018-12-26 11:00:00+00:00,59.10425
2018-12-27 11:00:00+00:00,59.10425
2018-12-28 11:00:00+00:00,57.23444
2018-12-29 11:00:00+00:00,54.06467
2018-12-30 11:00:00+00:00,54.08228
2018-12-31 11:00:00+00:00,48.60833
2019-01-01 11:00:00+00:00,46.65575
2019-01-02 11:00:00+00:00,40.96225
2019-01-03 11:00:00+00:00,43.27634
2019-01-04 11:00:00+00:00,45.98203
2019-01-05 11:00:00+00:00,45.58867
2019-01-06 11:00:00+00:00,44.69903
2019-01-07 11:00:00+00:00,45.28906
2019-01-08 11:00:00+00:00,46.42317
2019-01-09 11:00:00+00:00,45.19715
2019-01-10 11:00:00+00:00,44.90673
2019-01-11 11:00:00+00:00,46.30921
2019-01-12 11:00:00+00:00,48.51861
2019-01-13 11:00:00+00:00,48.21716
2019-01-14 11:00:00+00:00,46.11253
2019-01-15 11:00:00+00:00,46.9985
2019-01-16 11:00:00+00:00,45.47655
2019-01-17 11:00:00+00:00,44.82034
2019-01-18 11:00:00+00:00,44.98761
2019-01-19 11:00:00+00:00,44.98761
2019-01-20 11:00:00+00:00,45.27619
2019-01-21 11:00:00+00:00,44.12003
2019-01-22 11:00:00+00:00,44.57588
2019-01-23 11:00:00+00:00,45.23759
2019-01-24 11:00:00+00:00,43.99687
2019-01-25 11:00:00+00:00,43.94357
2019-01-26 11:00:00+00:00,41.71211
2019-01-27 11:00:00+00:00,41.88857
2019-01-28 11:00:00+00:00,43.13296
2019-01-29 11:00:00+00:00,43.48588
2019-01-30 11:00:00+00:00,42.40691
2019-01-31 11:00:00+00:00,42.36647
2019-02-01 11:00:00+00:00,41.64042
2019-02-02 11:00:00+00:00,39.25089
2019-02-03 11:00:00+00:00,39.77291
2019-02-04 11:00:00+00:00,38.60387
2019-02-05 11:00:00+00:00,39.46594
2019-02-06 11:00:00+00:00,40.83533
2019-02-07 11:00:00+00:00,40.42727
2019-02-08 11:00:00+00:00,40.05414
2019-02-09 11:00:00+00:00,38.76011
2019-02-10 11:00:00+00:00,38.25096
2019-02-11 11:00:00+00:00,37.22162
2019-02-12 11:00:00+00:00,39.29684
2019-02-13 11:00:00+00:00,38.80607
2019-02-14 11:00:00+00:00,36.12243
2019-02-15 11:00:00+00:00,38.94576
2019-02-16 11:00:00+00:00,38.14435
2019-02-17 11:00:00+00:00,38.97333
2019-02-18 11:00:00+00:00,39.52293
2019-02-19 11:00:00+00:00,39.91812
2019-02-20 11:00:00+00:00,39.85562
2019-02-21 11:00:00+00:00,41.2728
2019-02-22 11:00:00+00:00,41.41434
2019-02-23 11:00:00+00:00,40.51183
2019-02-24 11:00:00+00:00,49.502
2019-02-25 11:00:00+00:00,54.82882
2019-02-26 11:00:00+00:00,57.49224
2019-02-27 11:00:00+00:00,56.32688
2019-02-28 11:00:00+00:00,52.16541
2019-03-01 11:00:00+00:00,49.38436
2019-03-02 11:00:00+00:00,47.88446
2019-03-03 11:00:00+00:00,47.78521
2019-03-04 11:00:00+00:00,48.37156
2019-03-05 11:00:00+00:00,48.16937
2019-03-06 11:00:00+00:00,48.98916
2019-03-07 11:00:00+00:00,47.99475
2019-03-08 11:00:00+00:00,47.04629
2019-03-09 11:00:00+00:00,46.3184
2019-03-10 11:00:00+00:00,45.86806
2019-03-11 11:00:00+00:00,45.58132
2019-03-12 11:00:00+00:00,45.48022
2019-03-13 11:00:00+00:00,42.9418
2019-03-14 11:00:00+00:00,41.91614
2019-03-15 11:00:00+00:00,41.74519
2019-03-16 11:00:00+00:00,40.73608
2019-03-17 11:00:00+00:00,41.12575
2019-03-18 11:00:00+00:00,40.75997
2019-03-19 11:00:00+00:00,40.01738
2019-03-20 11:00:00+00:00,39.58726
2019-03-21 11:00:00+00:00,38.5616
2019-03-22 11:00:00+00:00,40.99637
2019-03-23 11:00:00+00:00,39.73532
2019-03-24 11:00:00+00:00,41.41509
2019-03-25 11:00:00+00:00,39.91882
2019-03-26 11:00:00+00:00,36.81203
2019-03-27 11:00:00+00:00,35.41013
2019-03-28 11:00:00+00:00,38.183
2019-03-29 11:00:00+00:00,43.35423
2019-03-30 11:00:00+00:00,41.58419
2019-03-31 11:00:00+00:00,38.81739
2019-04-01 11:00:00+00:00,36.60008
2019-04-02 11:00:00+00:00,33.75177
2019-04-03 11:00:00+00:00,31.43262
2019-04-04 11:00:00+00:00,30.96795
2019-04-05 11:00:00+00:00,31.97695
2019-04-06 11:00:00+00:00,32.01092
2019-04-07 11:00:00+00:00,31.41212
2019-04-08 11:00:00+00:00,30.63012
2019-04-09 11:00:00+00:00,30.18398
2019-04-10 11:00:00+00:00,28.227
2019-04-11 11:00:00+00:00,26.27775
2019-04-12 11:00:00+00:00,26.84817
2019-04-13 11:00:00+00:00,27.72103
2019-04-14 11:00:00+00:00,27.76786
2019-04-15 11:00:00+00:00,34.37827
2019-04-16 11:00:00+00:00,39.23789
2019-04-17 11:00:00+00:00,37.78143
2019-04-18 11:00:00+00:00,34.99523
2019-04-19 11:00:00+00:00,38.07099
2019-04-20 11:00:00+00:00,54.51998
2019-04-21 11:00:00+00:00,95.10741
2019-04-22 11:00:00+00:00,150.18293
2019-04-23 11:00:00+00:00,214.89649
2019-04-24 11:00:00+00:00,254.83667
2019-04-25 11:00:00+00:00,280.39735
2019-04-26 11:00:00+00:00,285.18929
2019-04-27 11:00:00+00:00,280.39735
2019-04-28 11:00:00+00:00,277.20088
2019-04-29 11:00:00+00:00,246.84826
2019-04-30 11:00:00+00:00,232.47061
2019-05-01 11:00:00+00:00,229.27598
2019-05-02 11:00:00+00:00,216.49564
2019-05-03 11:00:00+00:00,211.70186
2019-05-04 11:00:00+00:00,203.71346
2019-05-05 11:00:00+00:00,192.53227
2019-05-06 11:00:00+00:00,177.30576
2019-05-07 11:00:00+00:00,179.09657
2019-05-08 11:00:00+00:00,186.60016
2019-05-09 11:00:00+00:00,182.20694
2019-05-10 11:00:00+00:00,181.59321
2019-05-11 11:00:00+00:00,231.28338
2019-05-12 11:00:00+00:00,330.63606
2019-05-13 11:00:00+00:00,431.47319
2019-05-14 11:00:00+00:00,391.42769
2019-05-15 11:00:00+00:00,331.0976
2019-05-16 11:00:00+00:00,298.94088
2019-05-17 11:00:00+00:00,304.90369
2019-05-18 11:00:00+00:00,370.44223
2019-05-19 11:00:00+00:00,434.28733
2019-05-20 11:00:00+00:00,532.60222
2019-05-21 11:00:00+00:00,634.97509
2019-05-22 11:00:00+00:00,640.49179
2019-05-23 11:00:00+00:00,568.71215
2019-05-24 11:00:00+00:00,464.24991
2019-05-25 11:00:00+00:00,392.38167
2019-05-26 11:00:00+00:00,336.91061
2019-05-27 11:00:00+00:00,304.9831
2019-05-28 11:00:00+00:00,288.0525
2019-05-29 11:00:00+00:00,366.18188
2019-05-30 11:00:00+00:00,677.34413
2019-05-31 11:00:00+00:00,615.24046
2019-06-01 11:00:00+00:00,485.80407
2019-06-02 11:00:00+00:00,429.12924
2019-06-03 11:00:00+00:00,389.54474
2019-06-04 11:00:00+00:00,405.33681
2019-06-05 11:00:00+00:00,459.07178
2019-06-06 11:00:00+00:00,597.09506
2019-06-07 11:00:00+00:00,827.31748
2019-06-08 11:00:00+00:00,999.58373
2019-06-09 11:00:00+00:00,900.25108
2019-06-10 11:00:00+00:00,908.04777
2019-06-11 11:00:00+00:00,709.86756
2019-06-12 11:00:00+00:00,507.42974
2019-06-13 11:00:00+00:00,418.32486
2019-06-14 11:00:00+00:00,415.02271
2019-06-15 11:00:00+00:00,434.52316
2019-06-16 11:00:00+00:00,446.27177
2019-06-17 11:00:00+00:00,441.86896
2019-06-18 11:00:00+00:00,447.18586
2019-06-19 11:00:00+00:00,427.49369
2019-06-20 11:00:00+00:00,408.99335
2019-06-21 11:00:00+00:00,442.527
2019-06-22 11:00:00+00:00,568.18829
2019-06-23 11:00:00+00:00,649.90399
2019-06-24 11:00:00+00:00,540.78987
2019-06-25 11:00:00+00:00,460.34687
2019-06-26 11:00:00+00:00,407.85833
2019-06-27 11:00:00+00:00,396.81518
2019-06-28 11:00:00+00:00,370.84147
2019-06-29 11:00:00+00:00,349.67606
2019-06-30 11:00:00+00:00,330.63808
2019-07-01 11:00:00+00:00,291.55611
2019-07-02 11:00:00+00:00,361.73605
2019-07-03 11:00:00+00:00,328.90383
2019-07-04 11:00:00+00:00,306.48998
2019-07-05 11:00:00+00:00,313.26468
2019-07-06 11:00:00+00:00,317.29546
2019-07-07 11:00:00+00:00,352.41741
2019-07-08 11:00:00+00:00,371.21791
2019-07-09 11:00:00+00:00,341.82864
2019-07-10 11:00:00+00:00,323.33823
2019-07-11 11:00:00+00:00,299.76821
2019-07-12 11:00:00+00:00,285.36078
2019-07-13 11:00:00+00:00,269.73303
2019-07-14 11:00:00+00:00,259.53762
2019-07-15 11:00:00+00:00,235.13457
2019-07-16 11:00:00+00:00,208.40706
2019-07-17 11:00:00+00:00,192.56278
2019-07-18 11:00:00+00:00,189.42367
2019-07-19 11:00:00+00:00,193.40482
2019-07-20 11:00:00+00:00,208.59878
2019-07-21 11:00:00+00:00,228.80966
2019-07-22 11:00:00+00:00,259.66371
2019-07-23 11:00:00+00:00,263.40278
2019-07-24 11:00:00+00:00,264.05678
2019-07-25 11:00:00+00:00,258.49229
2019-07-26 11:00:00+00:00,260.91491
2019-07-27 11:00:00+00:00,252.30964
2019-07-28 11:00:00+00:00,217.30937
2019-07-29 11:00:00+00:00,188.39819
2019-07-30 11:00:00+00:00,160.38889
2019-07-31 11:00:00+00:00,138.4376
2019-08-01 11:00:00+00:00,125.34785
2019-08-02 11:00:00+00:00,118.98127
2019-08-03 11:00:00+00:00,110.40962
2019-08-04 11:00:00+00:00,93.39689
2019-08-05 11:00:00+00:00,84.10588
2019-08-06 11:00:00+00:00,77.49857
2019-08-07 11:00:00+00:00,77.90103
2019-08-08 11:00:00+00:00,75.525
2019-08-09 11:00:00+00:00,72.70476
2019-08-10 11:00:00+00:00,70.75947
2019-08-11 11:00:00+00:00,72.95108
2019-08-12 11:00:00+00:00,81.50404
2019-08-13 11:00:00+00:00,86.23264
2019-08-14 11:00:00+00:00,85.7321
2019-08-15 11:00:00+00:00,111.25584
2019-08-16 11:00:00+00:00,118.27725
2019-08-17 11:00:00+00:00,114.03325
2019-08-18 11:00:00+00:00,109.54286
2019-08-19 11:00:00+00:00,115.05838
2019-08-20 11:00:00+00:00,185.65868
2019-08-21 11:00:00+00:00,171.33788
2019-08-22 11:00:00+00:00,140.72101
2019-08-23 11:00:00+00:00,124.75056
2019-08-24 11:00:00+00:00,114.83165
2019-08-25 11:00:00+00:00,109.40123
2019-08-26 11:00:00+00:00,116.31896
2019-08-27 11:00:00+00:00,117.66625
2019-08-28 11:00:00+00:00,127.69497
2019-08-29 11:00:00+00:00,126.68217
2019-08-30 11:00:00+00:00,144.2085
2019-08-31 11:00:00+00:00,149.12177
2019-09-01 11:00:00+00:00,121.36821
2019-09-02 11:00:00+00:00,125.48557
2019-09-03 11:00:00+00:00,123.66402
2019-09-04 11:00:00+00:00,108.51617
2019-09-05 11:00:00+00:00,100.39911
2019-09-06 11:00:00+00:00,113.80443
2019-09-07 11:00:00+00:00,114.96424
2019-09-08 11:00:00+00:00,105.85095
2019-09-09 11:00:00+00:00,98.72092
2019-09-10 11:00:00+00:00,100.66564
2019-09-11 11:00:00+00:00,99.03156
2019-09-12 11:00:00+00:00,112.81735
2019-09-13 11:00:00+00:00,130.43742
2019-09-14 11:00:00+00:00,119.94
2019-09-15 11:00:00+00:00,110.50869
2019-09-16 11:00:00+00:00,106.62477
2019-09-17 11:00:00+00:00,105.19839
2019-09-18 11:00:00+00:00,109.45178
2019-09-19 11:00:00+00:00,109.98667
2019-09-20 11:00:00+00:00,102.13061
2019-09-21 11:00:00+00:00,97.60334
2019-09-22 11:00:00+00:00,92.63312
2019-09-23 11:00:00+00:00,89.64804
2019-09-24 11:00:00+00:00,86.28433
2019-09-25 11:00:00+00:00,84.76971
2019-09-26 11:00:00+00:00,89.9789
2019-09-27 11:00:00+00:00,88.15734
2019-09-28 11:00:00+00:00,85.54539
2019-09-29 11:00:00+00:00,87.64083
2019-09-30 11:00:00+00:00,89.7087
2019-10-01 11:00:00+00:00,96.40491
2019-10-02 11:00:00+00:00,93.16617
2019-10-03 11:00:00+00:00,91.55415
2019-10-04 11:00:00+00:00,90.20131
2019-10-05 11:00:00+00:00,87.5471
2019-10-06 11:00:00+00:00,87.2199
2019-10-07 11:00:00+00:00,93.95472
2019-10-08 11:00:00+00:00,91.03765
2019-10-09 11:00:00+00:00,84.28445
2019-10-10 11:00:00+00:00,81.21849
2019-10-11 11:00:00+00:00,77.88049
2019-10-12 11:00:00+00:00,74.00761
2019-10-13 11:00:00+00:00,72.33677
2019-10-14 11:00:00+00:00,64.64428
2019-10-15 11:00:00+00:00,65.00999
2019-10-16 11:00:00+00:00,60.32049
2019-10-17 11:00:00+00:00,48.95036
2019-10-18 11:00:00+00:00,50.45735
2019-10-19 11:00:00+00:00,55.84941
2019-10-20 11:00:00+00:00,48.33982
2019-10-21 11:00:00+00:00,55.70736
2019-10-22 11:00:00+00:00,57.94706
2019-10-23 11:00:00+00:00,51.04218
2019-10-24 11:00:00+00:00,51.68065
2019-10-25 11:00:00+00:00,51.94011
2019-10-26 11:00:00+00:00,53.04042
2019-10-27 11:00:00+00:00,42.45275
2019-10-28 11:00:00+00:00,40.55679
2019-10-29 11:00:00+00:00,52.60996
2019-10-30 11:00:00+00:00,62.03131
2019-10-31 11:00:00+00:00,67.31305
2019-11-01 11:00:00+00:00,64.95551
2019-11-02 11:00:00+00:00,61.2226
2019-11-03 11:00:00+00:00,68.7255
2019-11-04 11:00:00+00:00,80.30229
2019-11-05 11:00:00+00:00,88.38701
2019-11-06 11:00:00+00:00,104.36968
2019-11-07 11:00:00+00:00,108.08916
2019-11-08 11:00:00+00:00,112.33652
2019-11-09 11:00:00+00:00,114.25285
2019-11-10 11:00:00+00:00,113.745
2019-11-11 11:00:00+00:00,130.39191
2019-11-12 11:00:00+00:00,122.23642
2019-11-13 11:00:00+00:00,143.77143
2019-11-14 11:00:00+00:00,110.79981
2019-11-15 11:00:00+00:00,107.74909
2019-11-16 11:00:00+00:00,100.84895
2019-11-17 11:00:00+00:00,94.16722
2019-11-18 11:00:00+00:00,123.05695
2019-11-19 11:00:00+00:00,96.1371
2019-11-20 11:00:00+00:00,86.26135
2019-11-21 11:00:00+00:00,71.71301
2019-11-22 11:00:00+00:00,55.78743
2019-11-23 11:00:00+00:00,46.69828
2019-11-24 11:00:00+00:00,45.9203
2019-11-25 11:00:00+00:00,43.76908
2019-11-26 11:00:00+00:00,36.44868
2019-11-27 11:00:00+00:00,34.30221
2019-11-28 11:00:00+00:00,34.47851
2019-11-29 11:00:00+00:00,30.90003
2019-11-30 11:00:00+00:00,30.20618
2019-12-01 11:00:00+00:00,35.00501
2019-12-02 11:00:00+00:00,35.14197
2019-12-03 11:00:00+00:00,41.00859
2019-12-04 11:00:00+00:00,49.55392
2019-12-05 11:00:00+00:00,75.61457
2019-12-06 11:00:00+00:00,88.74899
2019-12-07 11:00:00+00:00,77.00997
2019-12-08 11:00:00+00:00,68.80151
2019-12-09 11:00:00+00:00,59.57433
2019-12-10 11:00:00+00:00,52.15565
2019-12-11 11:00:00+00:00,55.68446
2019-12-12 11:00:00+00:00,58.22965
2019-12-13 11:00:00+00:00,61.7337
2019-12-14 11:00:00+00:00,50.87135
2019-12-15 11:00:00+00:00,47.64922
2019-12-16 11:00:00+00:00,51.37852
2019-12-17 11:00:00+00:00,51.34613
2019-12-18 11:00:00+00:00,47.37693
2019-12-19 11:00:00+00:00,45.71697
2019-12-20 11:00:00+00:00,44.07439
2019-12-21 11:00:00+00:00,39.48901
2019-12-22 11:00:00+00:00,38.88474
2019-12-23 11:00:00+00:00,42.15546
2019-12-24 11:00:00+00:00,41.05065
2019-12-25 11:00:00+00:00,40.76688
2019-12-26 11:00:00+00:00,38.24236
2019-12-27 11:00:00+00:00,30.0659
2019-12-28 11:00:00+00:00,29.69532
2019-12-29 11:00:00+00:00,38.93598
2019-12-30 11:00:00+00:00,49.38278
2019-12-31 11:00:00+00:00,48.93501
2020-01-01 11:00:00+00:00,46.00956
2020-01-02 11:00:00+00:00,50.17145
2020-01-03 11:00:00+00:00,72.40719
2020-01-04 11:00:00+00:00,70.58853
2020-01-05 11:00:00+00:00,58.97974
2020-01-06 11:00:00+00:00,54.92707
2020-01-07 11:00:00+00:00,53.13806
2020-01-08 11:00:00+00:00,53.4505
2020-01-09 11:00:00+00:00,52.1682
2020-01-10 11:00:00+00:00,49.87138
2020-01-11 11:00:00+00:00,48.60581
2020-01-12 11:00:00+00:00,48.02475
2020-01-13 11:00:00+00:00,46.07209
2020-01-14 11:00:00+00:00,43.87289
2020-01-15 11:00:00+00:00,45.37563
2020-01-16 11:00:00+00:00,43.0554
2020-01-17 11:00:00+00:00,43.74593
2020-01-18 11:00:00+00:00,39.20425
2020-01-19 11:00:00+00:00,37.11163
2020-01-20 11:00:00+00:00,38.86323
2020-01-21 11:00:00+00:00,49.69538
2020-01-22 11:00:00+00:00,46.38297
2020-01-23 11:00:00+00:00,44.02794
2020-01-24 11:00:00+00:00,44.30049
2020-01-25 11:00:00+00:00,43.51937
2020-01-26 11:00:00+00:00,41.99889
2020-01-27 11:00:00+00:00,36.12927
2020-01-28 11:00:00+00:00,36.09938
2020-01-29 11:00:00+00:00,35.74862
2020-01-30 11:00:00+00:00,34.81389
2020-01-31 11:00:00+00:00,36.98335
2020-02-01 11:00:00+00:00,38.132
2020-02-02 11:00:00+00:00,36.23981
2020-02-03 11:00:00+00:00,35.45443
2020-02-04 11:00:00+00:00,37.72708
2020-02-05 11:00:00+00:00,37.01735
2020-02-06 11:00:00+00:00,35.37045
2020-02-07 11:00:00+00:00,36.1287
2020-02-08 11:00:00+00:00,40.40663
2020-02-09 11:00:00+00:00,41.37807
2020-02-10 11:00:00+00:00,41.34054
2020-02-11 11:00:00+00:00,40.45689
2020-02-12 11:00:00+00:00,39.59125
2020-02-13 11:00:00+00:00,39.78772
2020-02-14 11:00:00+00:00,37.36404
2020-02-15 11:00:00+00:00,34.18325
2020-02-16 11:00:00+00:00,33.56692
2020-02-17 11:00:00+00:00,32.4122
2020-02-18 11:00:00+00:00,35.15076
2020-02-19 11:00:00+00:00,34.50464
2020-02-20 11:00:00+00:00,32.4147
2020-02-21 11:00:00+00:00,31.00899
2020-02-22 11:00:00+00:00,34.63693
2020-02-23 11:00:00+00:00,35.01154
2020-02-24 11:00:00+00:00,33.55897
2020-02-25 11:00:00+00:00,32.27666
2020-02-26 11:00:00+00:00,31.58057
2020-02-27 11:00:00+00:00,32.64246
2020-02-28 11:00:00+00:00,34.9772
2020-02-29 11:00:00+00:00,34.40573
2020-03-01 11:00:00+00:00,34.44759
2020-03-02 11:00:00+00:00,33.86956
2020-03-03 11:00:00+00:00,32.3706
2020-03-04 11:00:00+00:00,32.94571
2020-03-05 11:00:00+00:00,30.76583
2020-03-06 11:00:00+00:00,30.60321
2020-03-07 11:00:00+00:00,31.2702
2020-03-08 11:00:00+00:00,30.7239
2020-03-09 11:00:00+00:00,28.08635
2020-03-10 11:00:00+00:00,27.45294
2020-03-11 11:00:00+00:00,29.45131
2020-03-12 11:00:00+00:00,27.74167
2020-03-13 11:00:00+00:00,26.29041
2020-03-14 11:00:00+00:00,26.41513
2020-03-15 11:00:00+00:00,26.27859
2020-03-16 11:00:00+00:00,25.81868
2020-03-17 11:00:00+00:00,25.38823
2020-03-18 11:00:00+00:00,25.1424
2020-03-19 11:00:00+00:00,23.71841
2020-03-20 11:00:00+00:00,23.19241
2020-03-21 11:00:00+00:00,22.41694
2020-03-22 11:00:00+00:00,21.57001
2020-03-23 11:00:00+00:00,21.321
2020-03-24 11:00:00+00:00,20.24237
2020-03-25 11:00:00+00:00,22.94945
2020-03-26 11:00:00+00:00,23.67745
2020-03-27 11:00:00+00:00,26.60309
2020-03-28 11:00:00+00:00,27.00742
2020-03-29 11:00:00+00:00,25.2914
2020-03-30 11:00:00+00:00,25.0191
2020-03-31 11:00:00+00:00,26.54453
2020-04-01 11:00:00+00:00,27.16879
2020-04-02 11:00:00+00:00,27.03295
2020-04-03 11:00:00+00:00,25.52379
2020-04-04 11:00:00+00:00,24.73602
2020-04-05 11:00:00+00:00,23.58123
2020-04-06 11:00:00+00:00,22.98112
2020-04-07 11:00:00+00:00,23.1088
2020-04-08 11:00:00+00:00,29.34591
2020-04-09 11:00:00+00:00,33.61107
2020-04-10 11:00:00+00:00,29.8293
2020-04-11 11:00:00+00:00,27.09741
2020-04-12 11:00:00+00:00,26.3016
2020-04-13 11:00:00+00:00,25.23589
2020-04-14 11:00:00+00:00,24.20506
2020-04-15 11:00:00+00:00,22.7237
2020-04-16 11:00:00+00:00,22.1766
2020-04-17 11:00:00+00:00,21.56349
2020-04-18 11:00:00+00:00,20.89193
2020-04-19 11:00:00+00:00,23.74287
2020-04-20 11:00:00+00:00,35.29124
2020-04-21 11:00:00+00:00,51.18149
2020-04-22 11:00:00+00:00,62.39827
2020-04-23 11:00:00+00:00,63.57813
2020-04-24 11:00:00+00:00,66.05942
2020-04-25 11:00:00+00:00,56.73463
2020-04-26 11:00:00+00:00,48.61912
2020-04-27 11:00:00+00:00,46.1615
2020-04-28 11:00:00+00:00,42.72617
2020-04-29 11:00:00+00:00,39.14161
2020-04-30 11:00:00+00:00,34.16752
2020-05-01 11:00:00+00:00,33.44183
2020-05-02 11:00:00+00:00,32.55691
2020-05-03 11:00:00+00:00,38.27195
2020-05-04 11:00:00+00:00,44.62357
2020-05-05 11:00:00+00:00,50.11085
2020-05-06 11:00:00+00:00,60.85709
2020-05-07 11:00:00+00:00,72.72165
2020-05-08 11:00:00+00:00,72.48647
2020-05-09 11:00:00+00:00,70.10496
2020-05-10 11:00:00+00:00,53.33871
2020-05-11 11:00:00+00:00,43.40967
2020-05-12 11:00:00+00:00,32.47368
2020-05-13 11:00:00+00:00,25.68542
2020-05-14 11:00:00+00:00,24.22502
2020-05-15 11:00:00+00:00,26.00255
2020-05-16 11:00:00+00:00,29.10718
2020-05-17 11:00:00+00:00,34.65063
2020-05-18 11:00:00+00:00,41.82971
2020-05-19 11:00:00+00:00,53.2757
2020-05-20 11:00:00+00:00,66.60541
2020-05-21 11:00:00+00:00,80.48014
2020-05-22 11:00:00+00:00,99.76789
2020-05-23 11:00:00+00:00,125.06214
2020-05-24 11:00:00+00:00,188.18442
2020-05-25 11:00:00+00:00,275.21242
2020-05-26 11:00:00+00:00,311.3025
2020-05-27 11:00:00+00:00,325.464
2020-05-28 11:00:00+00:00,354.40716
2020-05-29 11:00:00+00:00,354.68674
2020-05-30 11:00:00+00:00,373.272
2020-05-31 11:00:00+00:00,408.59063
2020-06-01 11:00:00+00:00,517.65695
2020-06-02 11:00:00+00:00,654.97293
2020-06-03 11:00:00+00:00,675.98724
2020-06-04 11:00:00+00:00,634.15437
2020-06-05 11:00:00+00:00,727.73099
2020-06-06 11:00:00+00:00,913.98154
2020-06-07 11:00:00+00:00,1005.50739
2020-06-08 11:00:00+00:00,1172.51868
2020-06-09 11:00:00+00:00,1063.41393
2020-06-10 11:00:00+00:00,842.02158
2020-06-11 11:00:00+00:00,727.76371
2020-06-12 11:00:00+00:00,672.05499
2020-06-13 11:00:00+00:00,649.09026
2020-06-14 11:00:00+00:00,784.59552
2020-06-15 11:00:00+00:00,996.41098
2020-06-16 11:00:00+00:00,899.0576
2020-06-17 11:00:00+00:00,712.55928
2020-06-18 11:00:00+00:00,674.22652
2020-06-19 11:00:00+00:00,710.36458
2020-06-20 11:00:00+00:00,627.37618
2020-06-21 11:00:00+00:00,625.76085
2020-06-22 11:00:00+00:00,726.97498
2020-06-23 11:00:00+00:00,763.66428
2020-06-24 11:00:00+00:00,842.38148
2020-06-25 11:00:00+00:00,828.55655
2020-06-26 11:00:00+00:00,821.33629
2020-06-27 11:00:00+00:00,689.67782
2020-06-28 11:00:00+00:00,590.88778
2020-06-29 11:00:00+00:00,566.97036
2020-06-30 11:00:00+00:00,544.96715
2020-07-01 11:00:00+00:00,460.28952
2020-07-02 11:00:00+00:00,473.73269
2020-07-03 11:00:00+00:00,427.52274
2020-07-04 11:00:00+00:00,363.65595
2020-07-05 11:00:00+00:00,345.65172
2020-07-06 11:00:00+00:00,314.20487
2020-07-07 11:00:00+00:00,330.98438
2020-07-08 11:00:00+00:00,350.42436
2020-07-09 11:00:00+00:00,328.96026
2020-07-10 11:00:00+00:00,332.12345
2020-07-11 11:00:00+00:00,325.99631
2020-07-12 11:00:00+00:00,324.73795
2020-07-13 11:00:00+00:00,368.10178
2020-07-14 11:00:00+00:00,371.28592
2020-07-15 11:00:00+00:00,382.43624
2020-07-16 11:00:00+00:00,391.86112
2020-07-17 11:00:00+00:00,386.84566
2020-07-18 11:00:00+00:00,433.20027
2020-07-19 11:00:00+00:00,406.05882
2020-07-20 11:00:00+00:00,390.51673
2020-07-21 11:00:00+00:00,415.44179
2020-07-22 11:00:00+00:00,490.64509
2020-07-23 11:00:00+00:00,581.00778
2020-07-24 11:00:00+00:00,570.79178
2020-07-25 11:00:00+00:00,581.56932
2020-07-26 11:00:00+00:00,618.83212
2020-07-27 11:00:00+00:00,587.41523
2020-07-28 11:00:00+00:00,516.7833
2020-07-29 11:00:00+00:00,480.8649
2020-07-30 11:00:00+00:00,457.5513
2020-07-31 11:00:00+00:00,384.97503
2020-08-01 11:00:00+00:00,338.13056
2020-08-02 11:00:00+00:00,293.41352
2020-08-03 11:00:00+00:00,260.61677
2020-08-04 11:00:00+00:00,237.78696
2020-08-05 11:00:00+00:00,236.30747
2020-08-06 11:00:00+00:00,207.5426
2020-08-07 11:00:00+00:00,198.96747
2020-08-08 11:00:00+00:00,192.90338
2020-08-09 11:00:00+00:00,254.05639
2020-08-10 11:00:00+00:00,256.39299
2020-08-11 11:00:00+00:00,213.0514
2020-08-12 11:00:00+00:00,179.8367
2020-08-13 11:00:00+00:00,166.24653
2020-08-14 11:00:00+00:00,187.99197
2020-08-15 11:00:00+00:00,193.70149
2020-08-16 11:00:00+00:00,231.93333
2020-08-17 11:00:00+00:00,258.59669
2020-08-18 11:00:00+00:00,260.53736
2020-08-19 11:00:00+00:00,249.59494
2020-08-20 11:00:00+00:00,220.37073
2020-08-21 11:00:00+00:00,200.1207
2020-08-22 11:00:00+00:00,193.95662
2020-08-23 11:00:00+00:00,269.83137
2020-08-24 11:00:00+00:00,582.48176
2020-08-25 11:00:00+00:00,479.03691
2020-08-26 11:00:00+00:00,374.93199
2020-08-27 11:00:00+00:00,315.55367
2020-08-28 11:00:00+00:00,280.74843
2020-08-29 11:00:00+00:00,248.7257
2020-08-30 11:00:00+00:00,220.71483
2020-08-31 11:00:00+00:00,199.52332
2020-09-01 11:00:00+00:00,195.24954
2020-09-02 11:00:00+00:00,191.40147
2020-09-03 11:00:00+00:00,174.96446
2020-09-04 11:00:00+00:00,166.33169
2020-09-05 11:00:00+00:00,190.26092
2020-09-06 11:00:00+00:00,216.85297
2020-09-07 11:00:00+00:00,242.16275
2020-09-08 11:00:00+00:00,214.88473
2020-09-09 11:00:00+00:00,200.65853
2020-09-10 11:00:00+00:00,183.47422
2020-09-11 11:00:00+00:00,175.11831
2020-09-12 11:00:00+00:00,164.49974
2020-09-13 11:00:00+00:00,153.33074
2020-09-14 11:00:00+00:00,146.56355
2020-09-15 11:00:00+00:00,141.33617
2020-09-16 11:00:00+00:00,139.44761
2020-09-17 11:00:00+00:00,137.32485
2020-09-18 11:00:00+00:00,182.50019
2020-09-19 11:00:00+00:00,316.97214
2020-09-20 11:00:00+00:00,252.24236
2020-09-21 11:00:00+00:00,287.23583
2020-09-22 11:00:00+00:00,463.54757
2020-09-23 11:00:00+00:00,344.10091
2020-09-24 11:00:00+00:00,278.20302
2020-09-25 11:00:00+00:00,250.05318
2020-09-26 11:00:00+00:00,244.84381
2020-09-27 11:00:00+00:00,210.01467
2020-09-28 11:00:00+00:00,199.30752
2020-09-29 11:00:00+00:00,193.91636
2020-09-30 11:00:00+00:00,188.52336
2020-10-01 11:00:00+00:00,177.79067
2020-10-02 11:00:00+00:00,165.20515
2020-10-03 11:00:00+00:00,171.6551
2020-10-04 11:00:00+00:00,177.28889
2020-10-05 11:00:00+00:00,163.4314
2020-10-06 11:00:00+00:00,157.03847
2020-10-07 11:00:00+00:00,157.48515
2020-10-08 11:00:00+00:00,176.42128
2020-10-09 11:00:00+00:00,184.6321
2020-10-10 11:00:00+00:00,181.84002
2020-10-11 11:00:00+00:00,175.15481
2020-10-12 11:00:00+00:00,173.19541
2020-10-13 11:00:00+00:00,167.49914
2020-10-14 11:00:00+00:00,160.85807
2020-10-15 11:00:00+00:00,155.41542
2020-10-16 11:00:00+00:00,149.74857
2020-10-17 11:00:00+00:00,146.13851
2020-10-18 11:00:00+00:00,141.09475
2020-10-19 11:00:00+00:00,131.5403
2020-10-20 11:00:00+00:00,129.37182
2020-10-21 11:00:00+00:00,114.74036
2020-10-22 11:00:00+00:00,115.93812
2020-10-23 11:00:00+00:00,113.67372
2020-10-24 11:00:00+00:00,111.6203
2020-10-25 11:00:00+00:00,108.38432
2020-10-26 11:00:00+00:00,104.92089
2020-10-27 11:00:00+00:00,94.29012
2020-10-28 11:00:00+00:00,79.64553
2020-10-29 11:00:00+00:00,82.76061
2020-10-30 11:00:00+00:00,86.96715
2020-10-31 11:00:00+00:00,71.79367
2020-11-01 11:00:00+00:00,73.95733
2020-11-02 11:00:00+00:00,85.06697
2020-11-03 11:00:00+00:00,121.62722
2020-11-04 11:00:00+00:00,118.34052
2020-11-05 11:00:00+00:00,119.10457
2020-11-06 11:00:00+00:00,148.69199
2020-11-07 11:00:00+00:00,166.85707
2020-11-08 11:00:00+00:00,151.49918
2020-11-09 11:00:00+00:00,152.61399
2020-11-10 11:00:00+00:00,142.14116
2020-11-11 11:00:00+00:00,128.996
2020-11-12 11:00:00+00:00,122.42062
2020-11-13 11:00:00+00:00,116.95536
2020-11-14 11:00:00+00:00,107.05563
2020-11-15 11:00:00+00:00,105.072
2020-11-16 11:00:00+00:00,103.57655
2020-11-17 11:00:00+00:00,118.04352
2020-11-18 11:00:00+00:00,139.89756
2020-11-19 11:00:00+00:00,137.4901
2020-11-20 11:00:00+00:00,113.6524
2020-11-21 11:00:00+00:00,103.98086
2020-11-22 11:00:00+00:00,93.76657
2020-11-23 11:00:00+00:00,92.59298
2020-11-24 11:00:00+00:00,83.01517
2020-11-25 11:00:00+00:00,85.67235
2020-11-26 11:00:00+00:00,94.93226
2020-11-27 11:00:00+00:00,105.7478
2020-11-28 11:00:00+00:00,121.57169
2020-11-29 11:00:00+00:00,110.90952
2020-11-30 11:00:00+00:00,93.47909
2020-12-01 11:00:00+00:00,81.1203
2020-12-02 11:00:00+00:00,75.99252
2020-12-03 11:00:00+00:00,74.53169
2020-12-04 11:00:00+00:00,69.90751
2020-12-05 11:00:00+00:00,72.68209
2020-12-06 11:00:00+00:00,63.58739
2020-12-07 11:00:00+00:00,64.97884
2020-12-08 11:00:00+00:00,63.7326
2020-12-09 11:00:00+00:00,66.36661
2020-12-10 11:00:00+00:00,65.92364
2020-12-11 11:00:00+00:00,61.01405
2020-12-12 11:00:00+00:00,59.33586
2020-12-13 11:00:00+00:00,52.73522
2020-12-14 11:00:00+00:00,51.24452
2020-12-15 11:00:00+00:00,48.605
2020-12-16 11:00:00+00:00,52.36944
2020-12-17 11:00:00+00:00,52.67089
2020-12-18 11:00:00+00:00,51.11953
2020-12-19 11:00:00+00:00,54.93911
2020-12-20 11:00:00+00:00,59.17044
2020-12-21 11:00:00+00:00,60.29351
2020-12-22 11:00:00+00:00,58.29733
2020-12-23 11:00:00+00:00,57.04006
2020-12-24 11:00:00+00:00,56.43716
2020-12-25 11:00:00+00:00,57.00146
2020-12-26 11:00:00+00:00,54.51818
2020-12-27 11:00:00+00:00,47.42678
2020-12-28 11:00:00+00:00,51.06806
2020-12-29 11:00:00+00:00,49.71889
2020-12-30 11:00:00+00:00,49.5553
2020-12-31 11:00:00+00:00,49.38252
2021-01-01 11:00:00+00:00,46.72094
2021-01-02 11:00:00+00:00,45.88461
2021-01-03 11:00:00+00:00,45.51515
2021-01-04 11:00:00+00:00,45.25781
2021-01-05 11:00:00+00:00,45.22656
2021-01-06 11:00:00+00:00,45.17326
2021-01-07 11:00:00+00:00,44.91409
2021-01-08 11:00:00+00:00,43.88291
2021-01-09 11:00:00+00:00,42.48227
2021-01-10 11:00:00+00:00,41.19009
2021-01-11 11:00:00+00:00,40.44565
2021-01-12 11:00:00+00:00,39.94937
2021-01-13 11:00:00+00:00,39.56888
2021-01-14 11:00:00+00:00,39.23802
2021-01-15 11:00:00+00:00,39.33728
2021-01-16 11:00:00+00:00,39.30235
2021-01-17 11:00:00+00:00,39.25824
2021-01-18 11:00:00+00:00,39.2178
2021-01-19 11:00:00+00:00,39.30787
2021-01-20 11:00:00+00:00,39.20677
2021-01-21 11:00:00+00:00,38.96047
2021-01-22 11:00:00+00:00,38.99723
2021-01-23 11:00:00+00:00,38.67556
2021-01-24 11:00:00+00:00,38.11494
2021-01-25 11:00:00+00:00,37.79327
2021-01-26 11:00:00+00:00,37.38889
2021-01-27 11:00:00+00:00,37.047
2021-01-28 11:00:00+00:00,36.65548
2021-01-29 11:00:00+00:00,36.27316
2021-01-30 11:00:00+00:00,35.98457
2021-01-31 11:00:00+00:00,35.76768
2021-02-01 11:00:00+00:00,35.59857
2021-02-02 11:00:00+00:00,35.42763
2021-02-03 11:00:00+00:00,35.30264
2021-02-04 11:00:00+00:00,35.21073
2021-02-05 11:00:00+00:00,35.13537
2021-02-06 11:00:00+00:00,35.1611
2021-02-07 11:00:00+00:00,35.25301
2021-02-08 11:00:00+00:00,35.27507
2021-02-09 11:00:00+00:00,35.30631
2021-02-10 11:00:00+00:00,35.56916
2021-02-11 11:00:00+00:00,36.23456
2021-02-12 11:00:00+00:00,36.9312
2021-02-13 11:00:00+00:00,37.27125
2021-02-14 11:00:00+00:00,37.12236
2021-02-15 11:00:00+00:00,37.21059
2021-02-16 11:00:00+00:00,37.05435
2021-02-17 11:00:00+00:00,36.95693
2021-02-18 11:00:00+00:00,36.83378
2021-02-19 11:00:00+00:00,36.80988
2021-02-20 11:00:00+00:00,36.72349
2021-02-21 11:00:00+00:00,36.64445
2021-02-22 11:00:00+00:00,36.35587
2021-02-23 11:00:00+00:00,36.31176
2021-02-24 11:00:00+00:00,36.24742
2021-02-25 11:00:00+00:00,36.41101
2021-02-26 11:00:00+00:00,36.93671
2021-02-27 11:00:00+00:00,37.11133
2021-02-28 11:00:00+00:00,37.43116
2021-03-01 11:00:00+00:00,52.11394
2021-03-02 11:00:00+00:00,61.94229
2021-03-03 11:00:00+00:00,53.82522
2021-03-04 11:00:00+00:00,48.66566
2021-03-05 11:00:00+00:00,45.36075
2021-03-06 11:00:00+00:00,43.84247
2021-03-07 11:00:00+00:00,42.93629
2021-03-08 11:00:00+00:00,42.50801
2021-03-09 11:00:00+00:00,42.30582
2021-03-10 11:00:00+00:00,42.20472
2021-03-11 11:00:00+00:00,42.02091
2021-03-12 11:00:00+00:00,41.68821
2021-03-13 11:00:00+00:00,41.30773
2021-03-14 11:00:00+00:00,40.95481
2021-03-15 11:00:00+00:00,40.71218
2021-03-16 11:00:00+00:00,40.32985
2021-03-17 11:00:00+00:00,40.10009
2021-03-18 11:00:00+00:00,39.70857
2021-03-19 11:00:00+00:00,39.49352
2021-03-20 11:00:00+00:00,39.51557
2021-03-21 11:00:00+00:00,39.71225
2021-03-22 11:00:00+00:00,39.35014
2021-03-23 11:00:00+00:00,39.39242
2021-03-24 11:00:00+00:00,40.01554
2021-03-25 11:00:00+00:00,45.9857
2021-03-26 11:00:00+00:00,53.45576
2021-03-27 11:00:00+00:00,53.76824
2021-03-28 11:00:00+00:00,52.18011
2021-03-29 11:00:00+00:00,50.37326
2021-03-30 11:00:00+00:00,49.18217
2021-03-31 11:00:00+00:00,50.11041
2021-04-01 11:00:00+00:00,54.09542
2021-04-02 11:00:00+00:00,55.06226
2021-04-03 11:00:00+00:00,52.82345
2021-04-04 11:00:00+00:00,51.02027
2021-04-05 11:00:00+00:00,49.25201
2021-04-06 11:00:00+00:00,47.98372
2021-04-07 11:00:00+00:00,47.50765
2021-04-08 11:00:00+00:00,45.90115
2021-04-09 11:00:00+00:00,44.33508
2021-04-10 11:00:00+00:00,43.30391
2021-04-11 11:00:00+00:00,42.87563
2021-04-12 11:00:00+00:00,42.31685
2021-04-13 11:00:00+00:00,41.4897
2021-04-14 11:00:00+00:00,41.25074
2021-04-15 11:00:00+00:00,41.30221
2021-04-16 11:00:00+00:00,41.87386
2021-04-17 11:00:00+00:00,45.96739
2021-04-18 11:00:00+00:00,48.9358
2021-04-19 11:00:00+00:00,50.77242
2021-04-20 11:00:00+00:00,59.09927
2021-04-21 11:00:00+00:00,75.72067
2021-04-22 11:00:00+00:00,78.27065
2021-04-23 11:00:00+00:00,69.57217
2021-04-24 11:00:00+00:00,63.35165
2021-04-25 11:00:00+00:00,61.66371
2021-04-26 11:00:00+00:00,61.13021
2021-04-27 11:00:00+00:00,60.88007
2021-04-28 11:00:00+00:00,59.14306
2021-04-29 11:00:00+00:00,57.36524
2021-04-30 11:00:00+00:00,54.72753
2021-05-01 11:00:00+00:00,50.7785
2021-05-02 11:00:00+00:00,51.11139
2021-05-03 11:00:00+00:00,52.94271
2021-05-04 11:00:00+00:00,55.79193
2021-05-05 11:00:00+00:00,61.39315
2021-05-06 11:00:00+00:00,64.23542
2021-05-07 11:00:00+00:00,61.55127
2021-05-08 11:00:00+00:00,66.74044
2021-05-09 11:00:00+00:00,70.76971
2021-05-10 11:00:00+00:00,77.33822
2021-05-11 11:00:00+00:00,90.24066
2021-05-12 11:00:00+00:00,106.47706
2021-05-13 11:00:00+00:00,138.71466
2021-05-14 11:00:00+00:00,142.51731
2021-05-15 11:00:00+00:00,144.86277
2021-05-16 11:00:00+00:00,162.84195
2021-05-17 11:00:00+00:00,220.11726
2021-05-18 11:00:00+00:00,336.89848
2021-05-19 11:00:00+00:00,566.90823
2021-05-20 11:00:00+00:00,523.43485
2021-05-21 11:00:00+00:00,466.00677
2021-05-22 11:00:00+00:00,442.1546
2021-05-23 11:00:00+00:00,363.4885
2021-05-24 11:00:00+00:00,310.73012
2021-05-25 11:00:00+00:00,280.05197
2021-05-26 11:00:00+00:00,280.35452
2021-05-27 11:00:00+00:00,304.86307
2021-05-28 11:00:00+00:00,320.86432
2021-05-29 11:00:00+00:00,309.79746
2021-05-30 11:00:00+00:00,319.72378
2021-05-31 11:00:00+00:00,382.45682
2021-06-01 11:00:00+00:00,457.87058
2021-06-02 11:00:00+00:00,569.7527
2021-06-03 11:00:00+00:00,711.47259
2021-06-04 11:00:00+00:00,878.1056
2021-06-05 11:00:00+00:00,896.19898
2021-06-06 11:00:00+00:00,803.83349
2021-06-07 11:00:00+00:00,691.96276
2021-06-08 11:00:00+00:00,653.47175
2021-06-09 11:00:00+00:00,683.40547
2021-06-10 11:00:00+00:00,721.31674
2021-06-11 11:00:00+00:00,861.63453
2021-06-12 11:00:00+00:00,1168.162
2021-06-13 11:00:00+00:00,1196.85812
2021-06-14 11:00:00+00:00,815.43193
2021-06-15 11:00:00+00:00,609.67321
2021-06-16 11:00:00+00:00,491.91099
2021-06-17 11:00:00+00:00,403.04451
2021-06-18 11:00:00+00:00,370.87254
2021-06-19 11:00:00+00:00,413.48862
2021-06-20 11:00:00+00:00,396.75654
2021-06-21 11:00:00+00:00,385.98911
2021-06-22 11:00:00+00:00,439.48126
2021-06-23 11:00:00+00:00,443.19717
2021-06-24 11:00:00+00:00,406.89442
2021-06-25 11:00:00+00:00,398.54024
2021-06-26 11:00:00+00:00,367.64501
2021-06-27 11:00:00+00:00,322.42653
2021-06-28 11:00:00+00:00,315.80513
2021-06-29 11:00:00+00:00,311.27879
2021-06-30 11:00:00+00:00,292.22408
2021-07-01 11:00:00+00:00,273.86472
2021-07-02 11:00:00+00:00,329.7863
2021-07-03 11:00:00+00:00,329.45691
2021-07-04 11:00:00+00:00,303.59882
2021-07-05 11:00:00+00:00,327.9811
2021-07-06 11:00:00+00:00,375.83726
2021-07-07 11:00:00+00:00,365.29058
2021-07-08 11:00:00+00:00,393.09706
2021-07-09 11:00:00+00:00,387.20465
2021-07-10 11:00:00+00:00,329.99915
2021-07-11 11:00:00+00:00,292.01968
2021-07-12 11:00:00+00:00,298.02716
2021-07-13 11:00:00+00:00,287.23289
2021-07-14 11:00:00+00:00,272.08765
2021-07-15 11:00:00+00:00,247.7028
2021-07-16 11:00:00+00:00,277.43488
2021-07-17 11:00:00+00:00,271.92056
2021-07-18 11:00:00+00:00,247.40705
2021-07-19 11:00:00+00:00,230.62313
2021-07-20 11:00:00+00:00,284.22704
2021-07-21 11:00:00+00:00,328.56488
2021-07-22 11:00:00+00:00,322.22158
2021-07-23 11:00:00+00:00,292.70714
2021-07-24 11:00:00+00:00,266.16987
2021-07-25 11:00:00+00:00,326.92915
2021-07-26 11:00:00+00:00,379.39233
2021-07-27 11:00:00+00:00,309.70188
2021-07-28 11:00:00+00:00,244.40377
2021-07-29 11:00:00+00:00,205.36169
2021-07-30 11:00:00+00:00,176.64746
2021-07-31 11:00:00+00:00,164.58692
2021-08-01 11:00:00+00:00,157.34674
2021-08-02 11:00:00+00:00,145.64139
2021-08-03 11:00:00+00:00,142.05928
2021-08-04 11:00:00+00:00,131.93136
2021-08-05 11:00:00+00:00,135.42887
2021-08-06 11:00:00+00:00,130.43836
2021-08-07 11:00:00+00:00,121.31687
2021-08-08 11:00:00+00:00,117.40708
2021-08-09 11:00:00+00:00,111.24865
2021-08-10 11:00:00+00:00,121.38104
2021-08-11 11:00:00+00:00,121.02039
2021-08-12 11:00:00+00:00,147.93309
2021-08-13 11:00:00+00:00,170.40884
2021-08-14 11:00:00+00:00,170.88124
2021-08-15 11:00:00+00:00,152.61253
2021-08-16 11:00:00+00:00,121.92058
2021-08-17 11:00:00+00:00,99.19212
2021-08-18 11:00:00+00:00,87.89463
2021-08-19 11:00:00+00:00,166.55509
2021-08-20 11:00:00+00:00,189.7696
2021-08-21 11:00:00+00:00,195.43464
2021-08-22 11:00:00+00:00,181.12751
2021-08-23 11:00:00+00:00,163.9039
2021-08-24 11:00:00+00:00,152.59081
2021-08-25 11:00:00+00:00,140.2036
2021-08-26 11:00:00+00:00,119.81957
2021-08-27 11:00:00+00:00,108.89312
2021-08-28 11:00:00+00:00,101.88428
2021-08-29 11:00:00+00:00,98.62244
2021-08-30 11:00:00+00:00,95.5844
2021-08-31 11:00:00+00:00,99.38705
2021-09-01 11:00:00+00:00,182.90698
2021-09-02 11:00:00+00:00,248.32022
2021-09-03 11:00:00+00:00,212.82127
2021-09-04 11:00:00+00:00,205.14351
2021-09-05 11:00:00+00:00,184.145
2021-09-06 11:00:00+00:00,184.63393
2021-09-07 11:00:00+00:00,201.0188
2021-09-08 11:00:00+00:00,278.3883
2021-09-09 11:00:00+00:00,334.8659
2021-09-10 11:00:00+00:00,300.41798
2021-09-11 11:00:00+00:00,248.49888
2021-09-12 11:00:00+00:00,206.6673
2021-09-13 11:00:00+00:00,190.62248
2021-09-14 11:00:00+00:00,187.82488
2021-09-15 11:00:00+00:00,183.62849
2021-09-16 11:00:00+00:00,163.34866
2021-09-17 11:00:00+00:00,146.78186
2021-09-18 11:00:00+00:00,133.57874
2021-09-19 11:00:00+00:00,123.07951
2021-09-20 11:00:00+00:00,115.74913
2021-09-21 11:00:00+00:00,108.74227
2021-09-22 11:00:00+00:00,104.62308
2021-09-23 11:00:00+00:00,108.76984
2021-09-24 11:00:00+00:00,111.5656
2021-09-25 11:00:00+00:00,114.79515
2021-09-26 11:00:00+00:00,114.65727
2021-09-27 11:00:00+00:00,114.91463
2021-09-28 11:00:00+00:00,120.42526
2021-09-29 11:00:00+00:00,119.88854
2021-09-30 11:00:00+00:00,114.92382
2021-10-01 11:00:00+00:00,109.61169
2021-10-02 11:00:00+00:00,105.44289
2021-10-03 11:00:00+00:00,102.93018
2021-10-04 11:00:00+00:00,104.17826
2021-10-05 11:00:00+00:00,109.1632
2021-10-06 11:00:00+00:00,113.28974
2021-10-07 11:00:00+00:00,116.64612
2021-10-08 11:00:00+00:00,110.52891
2021-10-09 11:00:00+00:00,106.56781
2021-10-10 11:00:00+00:00,143.32253
2021-10-11 11:00:00+00:00,208.56238
2021-10-12 11:00:00+00:00,222.67902
2021-10-13 11:00:00+00:00,200.30378
2021-10-14 11:00:00+00:00,170.22319
2021-10-15 11:00:00+00:00,150.95067
2021-10-16 11:00:00+00:00,137.28804
2021-10-17 11:00:00+00:00,125.67673
2021-10-18 11:00:00+00:00,117.75266
2021-10-19 11:00:00+00:00,108.29193
2021-10-20 11:00:00+00:00,97.22471
2021-10-21 11:00:00+00:00,92.39601
2021-10-22 11:00:00+00:00,91.57437
2021-10-23 11:00:00+00:00,87.99926
2021-10-24 11:00:00+00:00,86.06557
2021-10-25 11:00:00+00:00,86.36151
2021-10-26 11:00:00+00:00,85.6134
2021-10-27 11:00:00+00:00,85.09505
2021-10-28 11:00:00+00:00,81.88572
2021-10-29 11:00:00+00:00,85.35607
2021-10-30 11:00:00+00:00,99.41731
2021-10-31 11:00:00+00:00,102.20603
2021-11-01 11:00:00+00:00,98.99556
2021-11-02 11:00:00+00:00,114.1022
2021-11-03 11:00:00+00:00,115.71591
2021-11-04 11:00:00+00:00,114.38284
2021-11-05 11:00:00+00:00,115.49576
2021-11-06 11:00:00+00:00,105.4332
2021-11-07 11:00:00+00:00,91.48609
2021-11-08 11:00:00+00:00,76.10606
2021-11-09 11:00:00+00:00,79.02433
2021-11-10 11:00:00+00:00,85.38902
2021-11-11 11:00:00+00:00,91.63259
2021-11-12 11:00:00+00:00,89.15721
2021-11-13 11:00:00+00:00,84.5864
2021-11-14 11:00:00+00:00,83.86314
2021-11-15 11:00:00+00:00,88.27828
2021-11-16 11:00:00+00:00,104.90929
2021-11-17 11:00:00+00:00,120.75555
2021-11-18 11:00:00+00:00,131.37831
2021-11-19 11:00:00+00:00,101.20652
2021-11-20 11:00:00+00:00,103.68827
2021-11-21 11:00:00+00:00,103.45994
2021-11-22 11:00:00+00:00,82.74331
2021-11-23 11:00:00+00:00,86.05638
2021-11-24 11:00:00+00:00,84.24217
2021-11-25 11:00:00+00:00,84.20357
2021-11-26 11:00:00+00:00,82.66508
2021-11-27 11:00:00+00:00,83.13012
2021-11-28 11:00:00+00:00,81.49421
2021-11-29 11:00:00+00:00,79.86013
2021-11-30 11:00:00+00:00,78.22422
2021-12-01 11:00:00+00:00,76.58831
2021-12-02 11:00:00+00:00,74.95423
2021-12-03 11:00:00+00:00,73.31832
2021-12-04 11:00:00+00:00,71.6824
2021-12-05 11:00:00+00:00,70.04649
2021-12-06 11:00:00+00:00,68.41242
2021-12-07 11:00:00+00:00,66.7765
2021-12-08 11:00:00+00:00,65.14059
2021-12-09 11:00:00+00:00,63.50652
2021-12-10 11:00:00+00:00,61.8706
2021-12-11 11:00:00+00:00,60.23469
2021-12-12 11:00:00+00:00,58.59878
2021-12-13 11:00:00+00:00,56.9647
2021-12-14 11:00:00+00:00,51.87131
2021-12-15 11:00:00+00:00,47.82708
2021-12-16 11:00:00+00:00,46.36889
2021-12-17 11:00:00+00:00,48.11105
2021-12-18 11:00:00+00:00,63.694
2021-12-19 11:00:00+00:00,68.82049
2021-12-20 11:00:00+00:00,67.28382
2021-12-21 11:00:00+00:00,67.28847
2021-12-22 11:00:00+00:00,56.68928
2021-12-23 11:00:00+00:00,57.26328
2021-12-24 11:00:00+00:00,61.96758
2021-12-25 11:00:00+00:00,60.13203
2021-12-26 11:00:00+00:00,64.97031
2021-12-27 11:00:00+00:00,59.62618
2021-12-28 11:00:00+00:00,60.02864
2021-12-29 11:00:00+00:00,56.06013
2021-12-30 11:00:00+00:00,50.38829
2021-12-31 11:00:00+00:00,50.01654
2022-01-01 11:00:00+00:00,46.07867
2022-01-02 11:00:00+00:00,46.84961
2022-01-03 11:00:00+00:00,46.11988
2022-01-04 11:00:00+00:00,45.26516
2022-01-05 11:00:00+00:00,45.14753
2022-01-06 11:00:00+00:00,45.12179
2022-01-07 11:00:00+00:00,44.82034
2022-01-08 11:00:00+00:00,44.51154
2022-01-09 11:00:00+00:00,44.27443
2022-01-10 11:00:00+00:00,43.95092
2022-01-11 11:00:00+00:00,43.58146
2022-01-12 11:00:00+00:00,43.64947
2022-01-13 11:00:00+00:00,45.02989
2022-01-14 11:00:00+00:00,45.52434
2022-01-15 11:00:00+00:00,45.89747
2022-01-16 11:00:00+00:00,47.16025
2022-01-17 11:00:00+00:00,47.63816
2022-01-18 11:00:00+00:00,48.04438
2022-01-19 11:00:00+00:00,51.48899
2022-01-20 11:00:00+00:00,63.76017
2022-01-21 11:00:00+00:00,66.91436
2022-01-22 11:00:00+00:00,64.13331
2022-01-23 11:00:00+00:00,64.42923
2022-01-24 11:00:00+00:00,122.50047
2022-01-25 11:00:00+00:00,149.50226
2022-01-26 11:00:00+00:00,108.23495
2022-01-27 11:00:00+00:00,83.03086
2022-01-28 11:00:00+00:00,75.59205
2022-01-29 11:00:00+00:00,69.90494
2022-01-30 11:00:00+00:00,65.02295
2022-01-31 11:00:00+00:00,61.72539
2022-02-01 11:00:00+00:00,59.78803
2022-02-02 11:00:00+00:00,58.43518
2022-02-03 11:00:00+00:00,57.22755
2022-02-04 11:00:00+00:00,55.94088
2022-02-05 11:00:00+00:00,54.69097
2022-02-06 11:00:00+00:00,53.48517
2022-02-07 11:00:00+00:00,52.64699
2022-02-08 11:00:00+00:00,51.56435
2022-02-09 11:00:00+00:00,50.4523
2022-02-10 11:00:00+00:00,49.71705
2022-02-11 11:00:00+00:00,49.63985
2022-02-12 11:00:00+00:00,48.91196
2022-02-13 11:00:00+00:00,47.96534
2022-02-14 11:00:00+00:00,47.87711
2022-02-15 11:00:00+00:00,47.66389
2022-02-16 11:00:00+00:00,46.88086
2022-02-17 11:00:00+00:00,46.25958
2022-02-18 11:00:00+00:00,45.78535
2022-02-19 11:00:00+00:00,45.20451
2022-02-20 11:00:00+00:00,44.5722
2022-02-21 11:00:00+00:00,44.05202
2022-02-22 11:00:00+00:00,43.69175
2022-02-23 11:00:00+00:00,43.27082
2022-02-24 11:00:00+00:00,42.89585
2022-02-25 11:00:00+00:00,42.80946
2022-02-26 11:00:00+00:00,42.5319
2022-02-27 11:00:00+00:00,42.92526
2022-02-28 11:00:00+00:00,53.36385
2022-03-01 11:00:00+00:00,67.5724
2022-03-02 11:00:00+00:00,66.02104
2022-03-03 11:00:00+00:00,62.14816
2022-03-04 11:00:00+00:00,57.94441
2022-03-05 11:00:00+00:00,55.02182
2022-03-06 11:00:00+00:00,52.70581
2022-03-07 11:00:00+00:00,50.81073
2022-03-08 11:00:00+00:00,49.36046
2022-03-09 11:00:00+00:00,47.89365
2022-03-10 11:00:00+00:00,46.78712
2022-03-11 11:00:00+00:00,46.01695
2022-03-12 11:00:00+00:00,46.04268
2022-03-13 11:00:00+00:00,47.39001
2022-03-14 11:00:00+00:00,48.56089
2022-03-15 11:00:00+00:00,48.11607
2022-03-16 11:00:00+00:00,47.02423
2022-03-17 11:00:00+00:00,45.94894
2022-03-18 11:00:00+00:00,45.49309
2022-03-19 11:00:00+00:00,50.41553
2022-03-20 11:00:00+00:00,128.67282
2022-03-21 11:00:00+00:00,198.48405
2022-03-22 11:00:00+00:00,154.08829
2022-03-23 11:00:00+00:00,142.8667
2022-03-24 11:00:00+00:00,224.13113
2022-03-25 11:00:00+00:00,168.24907
2022-03-26 11:00:00+00:00,120.10176
2022-03-27 11:00:00+00:00,94.28372
2022-03-28 11:00:00+00:00,79.5826
2022-03-29 11:00:00+00:00,71.76512
2022-03-30 11:00:00+00:00,68.87746
2022-03-31 11:00:00+00:00,65.16632
2022-04-01 11:00:00+00:00,62.08382
2022-04-02 11:00:00+00:00,60.21815
2022-04-03 11:00:00+00:00,58.1466
2022-04-04 11:00:00+00:00,55.84897
2022-04-05 11:00:00+00:00,53.59729
2022-04-06 11:00:00+00:00,52.50914
2022-04-07 11:00:00+00:00,52.10475
2022-04-08 11:00:00+00:00,51.21511
2022-04-09 11:00:00+00:00,50.41553
2022-04-10 11:00:00+00:00,49.82734
2022-04-11 11:00:00+00:00,49.15643
2022-04-12 11:00:00+00:00,48.63992
2022-04-13 11:00:00+00:00,48.15834
2022-04-14 11:00:00+00:00,47.95064
2022-04-15 11:00:00+00:00,47.87711
2022-04-16 11:00:00+00:00,47.64367
2022-04-17 11:00:00+00:00,48.76124
2022-04-18 11:00:00+00:00,72.2172
2022-04-19 11:00:00+00:00,88.33346
2022-04-20 11:00:00+00:00,113.32768
2022-04-21 11:00:00+00:00,133.52499
2022-04-22 11:00:00+00:00,136.35259
2022-04-23 11:00:00+00:00,145.51146
2022-04-24 11:00:00+00:00,146.16395
2022-04-25 11:00:00+00:00,135.56397
2022-04-26 11:00:00+00:00,123.56921
2022-04-27 11:00:00+00:00,106.52631
2022-04-28 11:00:00+00:00,95.69143
2022-04-29 11:00:00+00:00,87.24139
2022-04-30 11:00:00+00:00,79.58892
2022-05-01 11:00:00+00:00,74.60036
2022-05-02 11:00:00+00:00,73.37455
2022-05-03 11:00:00+00:00,70.07886
2022-05-04 11:00:00+00:00,62.43707
2022-05-05 11:00:00+00:00,59.6158
2022-05-06 11:00:00+00:00,62.89558
2022-05-07 11:00:00+00:00,80.05766
2022-05-08 11:00:00+00:00,86.60316
2022-05-09 11:00:00+00:00,77.28583
2022-05-10 11:00:00+00:00,94.49485
2022-05-11 11:00:00+00:00,131.20628
2022-05-12 11:00:00+00:00,171.85624
2022-05-13 11:00:00+00:00,189.57366
2022-05-14 11:00:00+00:00,181.91957
2022-05-15 11:00:00+00:00,217.07391
2022-05-16 11:00:00+00:00,241.96111
2022-05-17 11:00:00+00:00,187.72305
2022-05-18 11:00:00+00:00,160.54964
2022-05-19 11:00:00+00:00,169.60484
2022-05-20 11:00:00+00:00,170.38302
2022-05-21 11:00:00+00:00,209.62003
2022-05-22 11:00:00+00:00,276.66085
2022-05-23 11:00:00+00:00,368.36168
2022-05-24 11:00:00+00:00,505.80412
2022-05-25 11:00:00+00:00,664.11695
2022-05-26 11:00:00+00:00,851.56465
2022-05-27 11:00:00+00:00,884.90309
2022-05-28 11:00:00+00:00,729.46212
2022-05-29 11:00:00+00:00,689.58554
2022-05-30 11:00:00+00:00,732.01304
2022-05-31 11:00:00+00:00,855.42798
2022-06-01 11:00:00+00:00,998.38859
2022-06-02 11:00:00+00:00,1125.76244
2022-06-03 11:00:00+00:00,1202.09488
2022-06-04 11:00:00+00:00,1194.75974
2022-06-05 11:00:00+00:00,1035.85725
2022-06-06 11:00:00+00:00,783.55055
2022-06-07 11:00:00+00:00,623.95528
2022-06-08 11:00:00+00:00,505.18597
2022-06-09 11:00:00+00:00,420.84748
2022-06-10 11:00:00+00:00,368.23743
2022-06-11 11:00:00+00:00,354.96962
2022-06-12 11:00:00+00:00,580.92801
2022-06-13 11:00:00+00:00,624.70946
2022-06-14 11:00:00+00:00,629.77307
2022-06-15 11:00:00+00:00,651.59743
2022-06-16 11:00:00+00:00,625.20795
2022-06-17 11:00:00+00:00,541.28009
2022-06-18 11:00:00+00:00,510.3742
2022-06-19 11:00:00+00:00,538.66392
2022-06-20 11:00:00+00:00,539.94912
2022-06-21 11:00:00+00:00,536.4661
2022-06-22 11:00:00+00:00,609.44234
2022-06-23 11:00:00+00:00,543.09283
2022-06-24 11:00:00+00:00,522.35331
2022-06-25 11:00:00+00:00,520.59884
2022-06-26 11:00:00+00:00,632.0093
2022-06-27 11:00:00+00:00,731.63752
2022-06-28 11:00:00+00:00,845.64099
2022-06-29 11:00:00+00:00,961.37633
2022-06-30 11:00:00+00:00,878.7493
2022-07-01 11:00:00+00:00,683.17092
2022-07-02 11:00:00+00:00,654.63931
2022-07-03 11:00:00+00:00,693.41156
2022-07-04 11:00:00+00:00,586.38093
2022-07-05 11:00:00+00:00,519.40995
2022-07-06 11:00:00+00:00,599.62374
2022-07-07 11:00:00+00:00,481.36725
2022-07-08 11:00:00+00:00,440.07037
2022-07-09 11:00:00+00:00,382.55994
2022-07-10 11:00:00+00:00,343.20814
2022-07-11 11:00:00+00:00,319.62563
2022-07-12 11:00:00+00:00,285.35784
2022-07-13 11:00:00+00:00,281.20483
2022-07-14 11:00:00+00:00,282.99238
2022-07-15 11:00:00+00:00,466.01522
2022-07-16 11:00:00+00:00,484.88796
2022-07-17 11:00:00+00:00,604.32855
2022-07-18 11:00:00+00:00,569.65675
2022-07-19 11:00:00+00:00,439.3162
2022-07-20 11:00:00+00:00,372.44209
2022-07-21 11:00:00+00:00,344.25366
2022-07-22 11:00:00+00:00,339.54443
2022-07-23 11:00:00+00:00,317.65426
2022-07-24 11:00:00+00:00,302.89152
2022-07-25 11:00:00+00:00,268.3903
2022-07-26 11:00:00+00:00,257.00526
2022-07-27 11:00:00+00:00,383.50178
2022-07-28 11:00:00+00:00,605.74555
2022-07-29 11:00:00+00:00,488.28717
2022-07-30 11:00:00+00:00,393.46762
2022-07-31 11:00:00+00:00,342.27714
2022-08-01 11:00:00+00:00,297.35883
2022-08-02 11:00:00+00:00,264.92676
2022-08-03 11:00:00+00:00,260.61622
2022-08-04 11:00:00+00:00,229.63018
2022-08-05 11:00:00+00:00,218.92249
2022-08-06 11:00:00+00:00,206.32155
2022-08-07 11:00:00+00:00,199.63489
2022-08-08 11:00:00+00:00,260.12508
2022-08-09 11:00:00+00:00,211.81619
2022-08-10 11:00:00+00:00,200.16665
2022-08-11 11:00:00+00:00,206.81103
2022-08-12 11:00:00+00:00,229.36403
2022-08-13 11:00:00+00:00,214.06475
2022-08-14 11:00:00+00:00,196.93435
2022-08-15 11:00:00+00:00,175.37184
2022-08-16 11:00:00+00:00,158.69065
2022-08-17 11:00:00+00:00,203.15927
2022-08-18 11:00:00+00:00,256.22333
2022-08-19 11:00:00+00:00,210.28726
2022-08-20 11:00:00+00:00,195.83994
2022-08-21 11:00:00+00:00,295.81978
2022-08-22 11:00:00+00:00,309.77339
2022-08-23 11:00:00+00:00,307.27577
2022-08-24 11:00:00+00:00,274.60842
2022-08-25 11:00:00+00:00,237.36456
2022-08-26 11:00:00+00:00,218.42363
2022-08-27 11:00:00+00:00,257.29164
2022-08-28 11:00:00+00:00,253.12263
2022-08-29 11:00:00+00:00,331.12573
2022-08-30 11:00:00+00:00,318.28565
2022-08-31 11:00:00+00:00,301.60062
2022-09-01 11:00:00+00:00,215.05824
2022-09-02 11:00:00+00:00,190.47745
2022-09-03 11:00:00+00:00,172.07619
2022-09-04 11:00:00+00:00,158.02619
2022-09-05 11:00:00+00:00,145.99527
2022-09-06 11:00:00+00:00,142.91802
2022-09-07 11:00:00+00:00,151.06424
2022-09-08 11:00:00+00:00,140.06346
2022-09-09 11:00:00+00:00,132.33743
2022-09-10 11:00:00+00:00,126.03477
2022-09-11 11:00:00+00:00,117.30264
2022-09-12 11:00:00+00:00,124.42384
2022-09-13 11:00:00+00:00,122.27965
2022-09-14 11:00:00+00:00,118.4811
2022-09-15 11:00:00+00:00,125.5181
2022-09-16 11:00:00+00:00,143.25682
2022-09-17 11:00:00+00:00,187.05527
2022-09-18 11:00:00+00:00,189.44205
2022-09-19 11:00:00+00:00,175.19126
2022-09-20 11:00:00+00:00,158.01732
2022-09-21 11:00:00+00:00,150.39547
2022-09-22 11:00:00+00:00,153.86735
2022-09-23 11:00:00+00:00,149.07994
2022-09-24 11:00:00+00:00,156.43649
2022-09-25 11:00:00+00:00,158.34709
2022-09-26 11:00:00+00:00,146.09173
2022-09-27 11:00:00+00:00,139.03037
2022-09-28 11:00:00+00:00,133.75599
2022-09-29 11:00:00+00:00,127.39944
2022-09-30 11:00:00+00:00,121.37288
2022-10-01 11:00:00+00:00,114.28318
2022-10-02 11:00:00+00:00,108.38215
2022-10-03 11:00:00+00:00,107.18731
2022-10-04 11:00:00+00:00,104.34177
2022-10-05 11:00:00+00:00,100.21845
2022-10-06 11:00:00+00:00,105.39054
2022-10-07 11:00:00+00:00,114.11216
2022-10-08 11:00:00+00:00,108.13195
2022-10-09 11:00:00+00:00,103.01713
2022-10-10 11:00:00+00:00,104.70748
2022-10-11 11:00:00+00:00,100.25692
2022-10-12 11:00:00+00:00,112.77972
2022-10-13 11:00:00+00:00,117.05098
2022-10-14 11:00:00+00:00,124.02175
2022-10-15 11:00:00+00:00,108.77508
2022-10-16 11:00:00+00:00,109.42715
2022-10-17 11:00:00+00:00,110.75409
2022-10-18 11:00:00+00:00,113.22708
2022-10-19 11:00:00+00:00,108.34653
2022-10-20 11:00:00+00:00,113.89865
2022-10-21 11:00:00+00:00,105.99804
2022-10-22 11:00:00+00:00,111.29731
2022-10-23 11:00:00+00:00,120.04353
2022-10-24 11:00:00+00:00,101.91162
2022-10-25 11:00:00+00:00,88.85267
2022-10-26 11:00:00+00:00,89.34262
2022-10-27 11:00:00+00:00,87.99731
2022-10-28 11:00:00+00:00,86.86292
2022-10-29 11:00:00+00:00,110.51751
2022-10-30 11:00:00+00:00,107.93042
2022-10-31 11:00:00+00:00,101.23975
2022-11-01 11:00:00+00:00,122.30011
2022-11-02 11:00:00+00:00,133.97463
2022-11-03 11:00:00+00:00,127.08692
2022-11-04 11:00:00+00:00,118.22307
2022-11-05 11:00:00+00:00,109.80536
2022-11-06 11:00:00+00:00,103.75687
2022-11-07 11:00:00+00:00,101.13893
2022-11-08 11:00:00+00:00,95.20307
2022-11-09 11:00:00+00:00,80.24378
2022-11-10 11:00:00+00:00,75.15317
2022-11-11 11:00:00+00:00,74.64806
2022-11-12 11:00:00+00:00,102.83343
2022-11-13 11:00:00+00:00,111.97583
2022-11-14 11:00:00+00:00,119.95566
2022-11-15 11:00:00+00:00,110.03266
2022-11-16 11:00:00+00:00,70.30513
2022-11-17 11:00:00+00:00,73.43445
2022-11-18 11:00:00+00:00,76.68756
2022-11-19 11:00:00+00:00,77.00556
2022-11-20 11:00:00+00:00,76.13429
2022-11-21 11:00:00+00:00,72.20994
2022-11-22 11:00:00+00:00,68.55946
2022-11-23 11:00:00+00:00,65.52843
2022-11-24 11:00:00+00:00,63.48997
2022-11-25 11:00:00+00:00,61.76399
2022-11-26 11:00:00+00:00,60.74936
2022-11-27 11:00:00+00:00,60.00493
2022-11-28 11:00:00+00:00,60.05272
2022-11-29 11:00:00+00:00,59.66671
2022-11-30 11:00:00+00:00,58.94066
2022-12-01 11:00:00+00:00,58.45357
2022-12-02 11:00:00+00:00,58.18704
2022-12-03 11:00:00+00:00,57.4279
2022-12-04 11:00:00+00:00,55.92617
2022-12-05 11:00:00+00:00,55.20931
2022-12-06 11:00:00+00:00,56.48128
2022-12-07 11:00:00+00:00,55.80302
2022-12-08 11:00:00+00:00,54.71124
2022-12-09 11:00:00+00:00,55.9111
2022-12-10 11:00:00+00:00,49.54262
2022-12-11 11:00:00+00:00,41.15707
2022-12-12 11:00:00+00:00,40.31009
2022-12-13 11:00:00+00:00,42.31341
2022-12-14 11:00:00+00:00,46.22342
2022-12-15 11:00:00+00:00,58.33595
2022-12-16 11:00:00+00:00,55.33381
2022-12-17 11:00:00+00:00,58.54262
2022-12-18 11:00:00+00:00,57.04993
2022-12-19 11:00:00+00:00,55.35252
2022-12-20 11:00:00+00:00,58.67888
2022-12-21 11:00:00+00:00,61.24158
2022-12-22 11:00:00+00:00,62.86311
2022-12-23 11:00:00+00:00,72.85789
2022-12-24 11:00:00+00:00,68.47822
2022-12-25 11:00:00+00:00,65.92682
2022-12-26 11:00:00+00:00,55.38649
2022-12-27 11:00:00+00:00,50.79718
2022-12-28 11:00:00+00:00,47.55765
2022-12-29 11:00:00+00:00,44.73127
2022-12-30 11:00:00+00:00,41.7236
2022-12-31 11:00:00+00:00,40.1122
