datetime,FDOM,Turbidity,Q,Event_no
2019-04-19 00:00:00+00:00,19.68,1.77,19.37689,1
2019-04-19 01:00:00+00:00,19.39,2.24,19.50582,1
2019-04-19 02:00:00+00:00,19.34,2.84,19.66114,1
2019-04-19 03:00:00+00:00,19.19,3.3,19.85626,1
2019-04-19 04:00:00+00:00,19.49,2.86,20.02613,1
2019-04-19 05:00:00+00:00,19.83,2.5,20.19678,1
2019-04-19 06:00:00+00:00,20.12,2.61,20.27581,1
2019-04-19 07:00:00+00:00,19.88,2.49,20.38144,1
2019-04-19 08:00:00+00:00,19.98,2.76,20.4741,1
2019-04-19 09:00:00+00:00,20.37,2.63,20.52716,1
2019-04-19 10:00:00+00:00,20.51,2.73,20.55371,1
2019-04-19 11:00:00+00:00,20.46,2.45,20.59358,1
2019-04-19 12:00:00+00:00,20.56,2.18,20.59358,1
2019-04-19 13:00:00+00:00,21.05,2,20.59358,1
2019-04-19 14:00:00+00:00,20.95,2.01,20.59358,1
2019-04-19 15:00:00+00:00,21.39,1.8,20.55371,1
2019-04-19 16:00:00+00:00,21.49,1.81,20.54043,1
2019-04-19 17:00:00+00:00,21.44,2.65,20.60692,1
2019-04-19 18:00:00+00:00,21.39,1.78,20.94113,1
2019-04-19 19:00:00+00:00,21.1,1.87,21.48178,1
2019-04-19 20:00:00+00:00,20.76,1.66,22.09828,1
2019-04-19 21:00:00+00:00,20.85,2.42,22.72433,1
2019-04-19 22:00:00+00:00,21,1.89,23.38796,1
2019-04-19 23:00:00+00:00,21.1,2,23.94622,1
2019-04-20 00:00:00+00:00,21,1.67,24.27872,1
2019-04-20 01:00:00+00:00,21.05,1.73,24.58457,1
2019-04-20 02:00:00+00:00,21.59,1.77,24.78963,1
2019-04-20 03:00:00+00:00,21.83,1.9,24.95133,1
2019-04-20 04:00:00+00:00,22.27,2.1,25.02506,1
2019-04-20 05:00:00+00:00,22.71,1.67,25.11368,1
2019-04-20 06:00:00+00:00,22.03,1.85,25.21725,1
2019-04-20 07:00:00+00:00,22.52,1.57,25.36566,1
2019-04-20 08:00:00+00:00,22.27,1.94,25.55929,1
2019-04-20 09:00:00+00:00,23,2.4,25.78361,1
2019-04-20 10:00:00+00:00,22.76,2.13,26.12991,1
2019-04-20 11:00:00+00:00,23.44,2.02,27.03152,1
2019-04-20 12:00:00+00:00,23.39,2.59,28.99292,1
2019-04-20 13:00:00+00:00,23.69,3.19,31.42338,1
2019-04-20 14:00:00+00:00,24.32,2.79,33.64368,1
2019-04-20 15:00:00+00:00,24.42,2.91,35.44748,1
2019-04-20 16:00:00+00:00,25.01,4.08,36.64666,1
2019-04-20 17:00:00+00:00,25.15,3.67,36.44827,1
2019-04-20 18:00:00+00:00,25.45,2.97,35.73009,1
2019-04-20 19:00:00+00:00,25.1,3.72,35.32077,1
2019-04-20 20:00:00+00:00,24.96,4.91,35.05525,1
2019-04-20 21:00:00+00:00,24.91,4.46,34.98457,1
2019-04-20 22:00:00+00:00,24.71,5.34,34.87878,1
2019-04-20 23:00:00+00:00,25.74,7.53,34.86116,1
2019-04-21 00:00:00+00:00,26.23,5.64,34.91408,1
2019-04-21 01:00:00+00:00,27.3,10.06,35.30318,1
2019-04-21 02:00:00+00:00,25.45,8.47,35.76567,1
2019-04-21 03:00:00+00:00,27.99,12.4,36.24984,1
2019-04-21 04:00:00+00:00,28.08,10.26,37.30194,1
2019-04-21 05:00:00+00:00,28.96,9.25,38.57307,1
2019-04-21 06:00:00+00:00,29.5,8.73,39.6968,1
2019-04-21 07:00:00+00:00,30.18,10.21,40.95307,1
2019-04-21 08:00:00+00:00,30.92,21.31,42.1916,1
2019-04-21 09:00:00+00:00,30.82,11.09,43.48919,1
2019-04-21 10:00:00+00:00,30.67,11.14,45.01013,1
2019-04-21 11:00:00+00:00,31.79,12.02,47.03396,1
2019-04-21 12:00:00+00:00,31.01,9.66,49.63639,1
2019-04-21 13:00:00+00:00,32.43,8.8,53.30479,1
2019-04-21 14:00:00+00:00,31.94,10.47,57.14931,1
2019-04-21 15:00:00+00:00,33.7,11.65,59.53364,1
2019-04-21 16:00:00+00:00,32.04,10.86,61.4481,1
2019-04-21 17:00:00+00:00,33.94,9,64.86829,1
2019-04-21 18:00:00+00:00,32.97,7.53,68.52003,1
2019-04-21 19:00:00+00:00,37.8,7.33,70.81234,1
2019-04-21 20:00:00+00:00,35.16,9.14,72.93845,1
2019-04-21 21:00:00+00:00,33.21,7.76,74.99041,1
2019-04-21 22:00:00+00:00,34.63,9.39,76.3745,1
2019-04-21 23:00:00+00:00,37.02,7.79,76.74963,1
2019-04-22 00:00:00+00:00,36.87,10.47,77.23374,1
2019-04-22 01:00:00+00:00,37.26,12.15,77.93569,1
2019-04-22 02:00:00+00:00,36.14,9.13,78.66833,1
2019-04-22 03:00:00+00:00,36.39,11.8,79.51402,1
2019-04-22 04:00:00+00:00,36.19,11.38,79.89739,1
2019-04-22 05:00:00+00:00,36.39,11.52,78.75044,1
2019-04-22 06:00:00+00:00,36.92,9.65,77.85448,1
2019-04-22 07:00:00+00:00,37.07,12.86,77.58411,1
2019-04-22 08:00:00+00:00,36.39,12.83,77.50314,1
2019-04-22 09:00:00+00:00,36.78,15.53,77.61113,1
2019-04-22 10:00:00+00:00,37.7,9.18,77.71917,1
2019-04-22 11:00:00+00:00,39.07,9.15,77.69215,1
2019-04-22 12:00:00+00:00,38.49,9.49,77.80041,1
2019-04-22 13:00:00+00:00,39.85,9.48,78.53248,1
2019-04-22 14:00:00+00:00,39.46,7.63,79.70617,1
2019-04-22 15:00:00+00:00,43.76,7.14,81.13729,1
2019-04-22 16:00:00+00:00,39.95,8.35,82.58202,1
2019-04-22 17:00:00+00:00,45.76,6.45,84.52126,1
2019-04-22 18:00:00+00:00,46.84,7.55,86.85616,1
2019-04-22 19:00:00+00:00,42.44,8.47,88.96145,1
2019-04-22 20:00:00+00:00,43.96,7.78,90.09754,1
2019-04-22 21:00:00+00:00,47.03,14.22,91.27206,1
2019-04-22 22:00:00+00:00,43.42,8.89,94.06823,1
2019-04-22 23:00:00+00:00,47.96,10.76,99.4802,1
2019-04-23 00:00:00+00:00,48.11,16.59,105.3334,1
2019-04-23 01:00:00+00:00,50.16,11.53,111.2036,1
2019-04-23 02:00:00+00:00,50.06,17.23,116.7036,1
2019-04-23 03:00:00+00:00,49.43,12.51,121.7278,1
2019-04-23 04:00:00+00:00,49.82,16.02,125.8824,1
2019-04-23 05:00:00+00:00,49.72,16.72,128.7311,1
2019-04-23 06:00:00+00:00,49.52,14.76,133.0549,1
2019-04-23 07:00:00+00:00,50.31,17.24,138.8487,1
2019-04-23 08:00:00+00:00,50.01,22.85,145.3007,1
2019-04-23 09:00:00+00:00,49.04,18.02,152.0269,1
2019-04-23 10:00:00+00:00,50.26,17.96,159.5882,1
2019-04-23 11:00:00+00:00,48.69,23.94,167.3459,1
2019-04-23 12:00:00+00:00,46.69,21.88,175.7181,1
2019-04-23 13:00:00+00:00,48.16,24.13,182.7629,1
2019-04-23 14:00:00+00:00,49.47,34.19,189.6151,1
2019-04-23 15:00:00+00:00,47.28,18.34,196.4229,1
2019-04-23 16:00:00+00:00,51.58,31.32,204.3178,1
2019-04-23 17:00:00+00:00,47.52,28.84,212.2642,1
2019-04-23 18:00:00+00:00,48.99,21.73,215.791,1
2019-04-23 19:00:00+00:00,51.92,18.78,220.1993,1
2019-04-23 20:00:00+00:00,49.28,26,223.5554,1
2019-04-23 21:00:00+00:00,48.45,26.24,224.1732,1
2019-04-23 22:00:00+00:00,48.01,30.4,223.0808,1
2019-04-23 23:00:00+00:00,47.86,22.44,221.2813,1
2019-04-24 00:00:00+00:00,51.62,22.55,218.2702,1
2019-04-24 01:00:00+00:00,49.77,32.21,214.1165,1
2019-04-24 02:00:00+00:00,49.62,35.62,210.9247,1
2019-04-24 03:00:00+00:00,50.31,30.18,207.4877,1
2019-04-24 04:00:00+00:00,51.87,29.59,200.9281,1
2019-04-24 05:00:00+00:00,50.01,27.48,195.8414,1
2019-04-24 06:00:00+00:00,52.75,25.52,193.2367,1
2019-04-24 07:00:00+00:00,52.55,31.11,192.0954,1
2019-04-24 08:00:00+00:00,53.72,25.86,191.9201,1
2019-04-24 09:00:00+00:00,52.36,21.34,192.4461,1
2019-04-24 10:00:00+00:00,51.77,23.61,193.4123,1
2019-04-24 11:00:00+00:00,52.94,18,194.6018,1
2019-04-24 12:00:00+00:00,53.87,21.84,196.1939,1
2019-04-24 13:00:00+00:00,53.92,32.88,198.2824,1
2019-04-24 14:00:00+00:00,53.63,18.8,201.2374,1
2019-04-24 15:00:00+00:00,51.09,23,205.8026,1
2019-04-24 16:00:00+00:00,52.01,23.92,211.7136,1
2019-04-24 17:00:00+00:00,53.14,23.21,218.5562,1
2019-04-24 18:00:00+00:00,54.11,18.08,224.0331,1
2019-04-24 19:00:00+00:00,51.97,20.81,226.6071,1
2019-04-24 20:00:00+00:00,52.84,24.06,227.1816,1
2019-04-24 21:00:00+00:00,54.41,24.73,226.6549,1
2019-04-24 22:00:00+00:00,51.82,27.36,225.1741,1
2019-04-24 23:00:00+00:00,56.26,23.99,223.2707,1
2019-04-25 00:00:00+00:00,52.65,17.01,221.423,1
2019-04-25 01:00:00+00:00,55.09,27.47,219.8189,1
2019-04-25 02:00:00+00:00,51.33,22.72,218.3616,1
2019-04-25 03:00:00+00:00,51.82,23.45,217.0969,1
2019-04-25 04:00:00+00:00,51.87,20.26,216.1156,1
2019-04-25 05:00:00+00:00,55.24,17.65,215.4163,1
2019-04-25 06:00:00+00:00,53.82,23.41,214.9972,1
2019-04-25 07:00:00+00:00,52.26,18.59,214.6252,1
2019-04-25 08:00:00+00:00,53.77,20.55,214.3928,1
2019-04-25 09:00:00+00:00,55.24,24.99,214.0677,1
2019-04-25 10:00:00+00:00,54.75,27.91,213.3721,1
2019-04-25 11:00:00+00:00,53.28,17.01,212.5849,1
2019-04-25 12:00:00+00:00,52.7,16.17,211.8917,1
2019-04-25 13:00:00+00:00,55.53,15.23,211.5686,1
2019-04-25 14:00:00+00:00,53.48,27.36,212.771,1
2019-04-25 15:00:00+00:00,51.92,19.13,216.211,1
2019-04-25 16:00:00+00:00,53.58,40.13,219.8677,1
2019-04-25 17:00:00+00:00,51.97,24.05,223.6996,1
2019-04-25 18:00:00+00:00,53.28,24.31,226.081,1
2019-04-25 19:00:00+00:00,51.09,20.35,227.0379,1
2019-04-25 20:00:00+00:00,53.14,21.76,227.3254,1
2019-04-25 21:00:00+00:00,50.74,22.43,227.2295,1
2019-04-25 22:00:00+00:00,50.45,18.99,226.3201,1
2019-04-25 23:00:00+00:00,51.43,25.76,224.8403,1
2019-04-26 00:00:00+00:00,52.31,34.85,223.1281,1
2019-04-26 01:00:00+00:00,49.13,23.1,221.423,1
2019-04-26 02:00:00+00:00,50.5,36.85,219.6778,1
2019-04-26 03:00:00+00:00,49.47,24.24,218.1272,1
2019-04-26 04:00:00+00:00,48.5,31.68,216.7228,1
2019-04-26 05:00:00+00:00,49.87,30.45,215.5097,1
2019-04-26 06:00:00+00:00,50.4,21.87,214.4393,1
2019-04-26 07:00:00+00:00,51.67,26.01,213.7893,1
2019-04-26 08:00:00+00:00,48.84,20.48,212.7701,1
2019-04-26 09:00:00+00:00,50.4,17.95,211.7072,1
2019-04-26 10:00:00+00:00,50.55,30.05,210.9694,1
2019-04-26 11:00:00+00:00,46.94,23.16,210.7391,1
2019-04-26 12:00:00+00:00,48.4,24.85,210.8773,1
2019-04-26 13:00:00+00:00,50.65,26.76,212.2156,1
2019-04-26 14:00:00+00:00,48.25,30.88,214.2542,1
2019-04-26 15:00:00+00:00,46.35,31.53,216.7238,1
2019-04-26 16:00:00+00:00,46.74,39.27,219.6314,1
2019-04-26 17:00:00+00:00,46.89,33.95,222.3699,1
2019-04-26 18:00:00+00:00,50.21,18.78,224.1735,1
2019-04-26 19:00:00+00:00,47.37,16.97,225.0306,1
2019-04-26 20:00:00+00:00,48.5,36.03,224.697,1
2019-04-26 21:00:00+00:00,48.06,17.02,223.5554,1
2019-04-26 22:00:00+00:00,48.35,18.74,221.9432,1
2019-04-26 23:00:00+00:00,48.25,17.11,220.6199,1
2019-04-27 00:00:00+00:00,46.45,24.38,219.7244,1
2019-04-27 01:00:00+00:00,47.86,18.39,219.3479,1
2019-04-27 02:00:00+00:00,48.79,22.02,218.7371,1
2019-04-27 03:00:00+00:00,48.69,21.57,218.4084,1
2019-04-27 04:00:00+00:00,49.91,19.63,218.127,1
2019-04-27 05:00:00+00:00,49.33,21.42,217.3774,1
2019-04-27 06:00:00+00:00,49.43,15.64,215.9295,1
2019-04-27 07:00:00+00:00,49.72,12.91,213.8365,1
2019-04-27 08:00:00+00:00,49.82,27.13,211.5231,1
2019-04-27 09:00:00+00:00,50.99,16.35,209.4987,1
2019-04-27 10:00:00+00:00,50.4,12.83,207.7583,1
2019-04-27 11:00:00+00:00,51.38,20.91,207.2558,1
2019-04-27 12:00:00+00:00,51.33,11.44,208.033,1
2019-04-27 13:00:00+00:00,50.79,22.4,210.925,1
2019-04-27 14:00:00+00:00,50.06,11.38,215.3283,1
2019-04-27 15:00:00+00:00,51.92,13.51,221.9975,1
2019-04-27 16:00:00+00:00,50.5,16.2,228.5794,1
2019-04-27 17:00:00+00:00,48.55,17.38,234.9237,1
2019-04-27 18:00:00+00:00,49.04,14.88,239.9738,1
2019-04-27 19:00:00+00:00,47.81,12.94,242.6447,1
2019-04-27 20:00:00+00:00,48.16,17.65,243.0417,1
2019-04-27 21:00:00+00:00,47.47,15.74,240.616,1
2019-04-27 22:00:00+00:00,46.3,19.11,236.2408,1
2019-04-27 23:00:00+00:00,46.15,14.68,231.6158,1
2019-04-28 00:00:00+00:00,45.42,25.4,227.471,1
2019-04-28 01:00:00+00:00,44.49,26.53,224.6027,1
2019-04-28 02:00:00+00:00,43.32,29.34,222.0383,1
2019-04-28 03:00:00+00:00,42.54,27.31,220.1486,1
2019-04-28 04:00:00+00:00,41.76,22.57,218.9721,1
2019-04-28 05:00:00+00:00,41.9,26.11,217.6116,1
2019-04-28 06:00:00+00:00,42.78,23.13,216.3492,1
2019-04-28 07:00:00+00:00,41.12,41.05,214.9976,1
2019-04-28 08:00:00+00:00,41.56,21.71,213.1411,1
2019-04-28 09:00:00+00:00,42.59,24.85,211.016,1
2019-04-28 10:00:00+00:00,43.08,19.6,209.0403,1
2019-04-28 11:00:00+00:00,45.08,16.7,207.1192,1
2019-04-28 12:00:00+00:00,46.35,20.95,205.935,1
2019-04-28 13:00:00+00:00,47.62,13.19,205.6166,1
2019-04-28 14:00:00+00:00,47.18,18.19,205.753,1
2019-04-28 15:00:00+00:00,46.94,19.75,207.4852,1
2019-04-28 16:00:00+00:00,47.33,11.41,210.3723,1
2019-04-28 17:00:00+00:00,46.5,19.79,213.1413,1
2019-04-28 18:00:00+00:00,49.08,13.94,215.2769,1
2019-04-28 19:00:00+00:00,48.01,11.73,215.9756,1
2019-04-28 20:00:00+00:00,51.62,18.52,216.0689,1
2019-04-28 21:00:00+00:00,47.52,23.83,215.3233,1
2019-04-28 22:00:00+00:00,49.43,17.22,213.9287,1
2019-04-28 23:00:00+00:00,48.55,17.21,212.6314,1
2019-04-29 00:00:00+00:00,49.72,19.68,211.5687,1
2019-04-29 01:00:00+00:00,47.37,20.29,210.9234,1
2019-04-29 02:00:00+00:00,48.35,16.18,210.279,1
2019-04-29 03:00:00+00:00,50.5,12.15,209.59,1
2019-04-29 04:00:00+00:00,48.79,23.07,209.1311,1
2019-04-29 05:00:00+00:00,47.91,14.98,208.9477,1
2019-04-29 06:00:00+00:00,47.96,16.29,208.9019,1
2019-04-29 07:00:00+00:00,48.79,14.35,208.6729,1
2019-04-29 08:00:00+00:00,48.3,14.54,207.9866,1
2019-04-29 09:00:00+00:00,48.74,15.37,207.3015,1
2019-04-29 10:00:00+00:00,47.47,9.9,207.0277,1
2019-04-29 11:00:00+00:00,48.84,9.24,206.7542,1
2019-04-29 12:00:00+00:00,47.91,11.94,206.7086,1
2019-04-29 13:00:00+00:00,47.23,10.38,206.7086,1
2019-04-29 14:00:00+00:00,49.52,13.96,206.7086,1
2019-04-29 15:00:00+00:00,47.81,20.74,206.8909,1
2019-04-29 16:00:00+00:00,48.4,12,207.2558,1
2019-04-29 17:00:00+00:00,49.04,13.13,207.2558,1
2019-04-29 18:00:00+00:00,48.69,14.29,206.7998,1
2019-04-29 19:00:00+00:00,49.52,8.72,205.6187,1
2019-04-29 20:00:00+00:00,50.06,12.54,202.0451,1
2019-04-29 21:00:00+00:00,50.5,12.58,198.4626,1
2019-04-29 22:00:00+00:00,49.91,9.51,196.683,1
2019-04-29 23:00:00+00:00,51.67,10.48,201.4636,1
2019-04-30 00:00:00+00:00,49.82,12.32,204.5735,1
2019-04-30 01:00:00+00:00,50.21,7.45,205.2533,1
2019-04-30 02:00:00+00:00,49.96,9.02,204.8451,1
2019-04-30 03:00:00+00:00,50.79,7.31,203.3523,1
2019-04-30 04:00:00+00:00,53.14,10.76,200.7422,1
2019-04-30 05:00:00+00:00,49.33,7.09,198.06,1
2019-04-30 06:00:00+00:00,50.65,13.24,195.3538,1
2019-04-30 07:00:00+00:00,51.97,8.07,192.2285,1
2019-04-30 08:00:00+00:00,51.33,7.65,189.6073,1
2019-04-30 09:00:00+00:00,49.87,8.83,187.8707,1
2019-04-30 10:00:00+00:00,49.23,11.34,186.6602,1
2019-04-30 11:00:00+00:00,49.33,9.09,185.7123,1
2019-04-30 12:00:00+00:00,48.01,10.73,184.7239,1
2019-04-30 13:00:00+00:00,53.24,6.29,183.9096,1
2019-04-30 14:00:00+00:00,48.69,6.38,183.3108,1
2019-04-30 15:00:00+00:00,49.38,9.93,182.713,1
2019-04-30 16:00:00+00:00,48.79,7.14,182.244,1
2019-04-30 17:00:00+00:00,48.74,6.2,181.8183,1
2019-04-30 18:00:00+00:00,47.77,8.55,180.9263,1
2019-04-30 19:00:00+00:00,49.33,8.18,179.6555,1
2019-04-30 20:00:00+00:00,47.62,4.77,178.6845,1
2019-04-30 21:00:00+00:00,50.99,6.63,177.5484,1
2019-04-30 22:00:00+00:00,47.18,7.92,176.3323,1
2019-04-30 23:00:00+00:00,47.81,6.76,175.3291,1
2019-05-01 00:00:00+00:00,47.08,5.69,174.5789,1
2019-05-01 01:00:00+00:00,46.5,7.04,173.9548,1
2019-05-01 02:00:00+00:00,47.28,12.75,173.7471,1
2019-05-01 03:00:00+00:00,47.18,5.96,173.7056,1
2019-05-01 04:00:00+00:00,49.43,6.42,173.6641,1
2019-05-01 05:00:00+00:00,47.28,8.28,174.246,1
2019-05-01 06:00:00+00:00,48.21,5.97,175.0789,1
2019-05-01 07:00:00+00:00,46.69,7.39,175.496,1
2019-05-01 08:00:00+00:00,45.37,8.4,175.7466,1
2019-05-01 09:00:00+00:00,45.13,13.78,175.8301,1
2019-05-01 10:00:00+00:00,44,7.44,175.9974,1
2019-05-01 11:00:00+00:00,44.05,6.99,176.1228,1
2019-05-01 12:00:00+00:00,43.47,8.59,176.1228,1
2019-05-01 13:00:00+00:00,43.96,4.99,176.0392,1
2019-05-01 14:00:00+00:00,43.13,13.45,175.6213,1
2019-05-01 15:00:00+00:00,42.05,9.28,175.2873,1
2019-05-01 16:00:00+00:00,42.44,8.82,175.0788,1
2019-05-01 17:00:00+00:00,42.05,7.28,174.787,1
2019-05-01 18:00:00+00:00,42.44,8.85,174.4123,1
2019-05-01 19:00:00+00:00,41.95,8.06,173.7887,1
2019-05-01 20:00:00+00:00,42.59,7.05,173.0006,1
2019-05-01 21:00:00+00:00,42.2,4.73,172.173,1
2019-05-01 22:00:00+00:00,42,7.66,171.3476,1
2019-05-01 23:00:00+00:00,42.05,6.5,170.2778,1
2019-05-02 00:00:00+00:00,42.83,7.13,169.2933,1
2019-05-02 01:00:00+00:00,42.88,6.28,168.067,1
2019-05-02 02:00:00+00:00,43.32,7.33,166.7238,1
2019-05-02 03:00:00+00:00,42.83,6.57,165.1839,1
2019-05-02 04:00:00+00:00,42.83,8.95,163.6917,1
2019-05-02 05:00:00+00:00,42.88,9.16,162.6075,1
2019-05-02 06:00:00+00:00,42.34,8.34,161.7269,1
2019-05-02 07:00:00+00:00,41.66,9.71,160.7691,1
2019-05-02 08:00:00+00:00,41.12,6.61,159.6954,1
2019-05-02 09:00:00+00:00,40.63,14.47,158.5859,1
2019-05-02 10:00:00+00:00,40.73,6.68,157.5594,1
2019-05-02 11:00:00+00:00,40.29,8.84,156.3401,1
2019-05-02 12:00:00+00:00,39.8,7.13,155.1258,1
2019-05-02 13:00:00+00:00,38.88,8.02,154.2281,1
2019-05-02 14:00:00+00:00,38.68,6.66,153.2167,1
2019-05-02 15:00:00+00:00,38.39,12.07,152.3249,1
2019-05-02 16:00:00+00:00,40.63,9,151.5518,1
2019-05-02 17:00:00+00:00,38.19,9.85,150.6269,1
2019-05-02 18:00:00+00:00,38.14,15.64,149.6665,1
2019-05-02 19:00:00+00:00,37.85,7.12,148.7858,1
2019-05-02 20:00:00+00:00,37.66,7.58,147.9081,1
2019-05-02 21:00:00+00:00,37.36,16.07,147.147,1
2019-05-02 22:00:00+00:00,36.83,8.43,146.2365,1
2019-05-02 23:00:00+00:00,36.87,12.31,145.3666,1
2019-05-03 00:00:00+00:00,36.83,7.97,144.6126,1
2019-05-03 01:00:00+00:00,37.12,7.43,143.8606,1
2019-05-03 02:00:00+00:00,37.36,15.87,143.1108,1
2019-05-03 03:00:00+00:00,38.24,4.32,142.363,1
2019-05-03 04:00:00+00:00,38.05,5.55,141.543,1
2019-05-03 05:00:00+00:00,38.05,4.63,140.7994,1
2019-05-03 06:00:00+00:00,37.56,4.79,140.0582,1
2019-05-03 07:00:00+00:00,37.22,6.79,139.4297,1
2019-05-03 08:00:00+00:00,37.07,11.72,138.8028,1
2019-05-03 09:00:00+00:00,36.19,5.7,137.957,1
2019-05-03 10:00:00+00:00,35.6,4.61,137.1139,1
2019-05-03 11:00:00+00:00,35.26,6.85,136.456,1
2019-05-03 12:00:00+00:00,35.16,5.82,135.7634,1
2019-05-03 13:00:00+00:00,35.07,4.51,135.2906,1
2019-05-03 14:00:00+00:00,35.07,6.59,134.5288,1
2019-05-03 15:00:00+00:00,34.87,4.9,134.022,1
2019-05-03 16:00:00+00:00,34.73,6.46,133.5526,1
2019-05-03 17:00:00+00:00,34.73,13.86,132.8679,1
2019-05-03 18:00:00+00:00,34.73,7.84,132.2928,1
2019-05-03 19:00:00+00:00,34.73,7.75,131.6833,1
2019-05-03 20:00:00+00:00,35.07,4.47,130.968,1
2019-05-03 21:00:00+00:00,35.56,5.27,130.2549,1
2019-05-03 22:00:00+00:00,35.51,7.07,129.4374,1
2019-05-03 23:00:00+00:00,35.36,7.29,128.5167,1
2019-05-04 00:00:00+00:00,35.07,6.52,127.3177,1
2019-05-04 01:00:00+00:00,34.77,3.64,126.3347,1
2019-05-04 02:00:00+00:00,34.73,6.36,125.5303,1
2019-05-04 03:00:00+00:00,34.33,4.18,124.9376,1
2019-05-04 04:00:00+00:00,34.19,12.81,124.4853,1
2019-05-04 05:00:00+00:00,33.94,3.5,123.9646,1
2019-05-04 06:00:00+00:00,33.75,5.82,123.5142,1
2019-05-04 07:00:00+00:00,33.55,5.93,122.9266,1
2019-05-04 08:00:00+00:00,33.36,6.38,122.4784,1
2019-05-04 09:00:00+00:00,33.21,3.53,121.8246,1
2019-05-04 10:00:00+00:00,32.97,5.41,121.207,1
2019-05-04 11:00:00+00:00,32.58,4.85,120.6254,1
2019-05-04 12:00:00+00:00,32.04,4.14,119.9769,1
2019-05-04 13:00:00+00:00,31.26,4.61,119.3305,1
2019-05-04 14:00:00+00:00,30.92,4.05,118.7197,1
2019-05-04 15:00:00+00:00,30.82,9.23,118.1443,1
2019-05-04 16:00:00+00:00,30.57,7.11,117.5705,1
2019-05-04 17:00:00+00:00,30.67,4.19,117.1327,1
2019-05-04 18:00:00+00:00,30.82,3.72,116.7293,1
2019-05-04 19:00:00+00:00,30.92,4.98,116.2598,1
2019-05-04 20:00:00+00:00,30.87,4.07,115.6909,1
2019-05-04 21:00:00+00:00,30.96,3.6,115.1901,1
2019-05-04 22:00:00+00:00,31.01,4.2,114.8237,1
2019-05-04 23:00:00+00:00,30.53,3.28,114.1921,1
2019-05-05 00:00:00+00:00,30.62,8.01,113.5295,1
2019-05-05 01:00:00+00:00,30.67,3.88,112.704,1
2019-05-05 02:00:00+00:00,30.04,3.18,111.7832,1
2019-05-05 03:00:00+00:00,29.79,3.4,110.9644,1
2019-05-05 04:00:00+00:00,29.69,5.66,110.1489,1
2019-05-05 05:00:00+00:00,29.35,3.77,109.3368,1
2019-05-05 06:00:00+00:00,29.3,3.23,108.2694,1
2019-05-05 07:00:00+00:00,29.11,3.17,107.6251,1
2019-05-05 08:00:00+00:00,29.3,5.11,106.8869,1
2019-05-05 09:00:00+00:00,28.23,3.89,106.1514,1
2019-05-05 10:00:00+00:00,27.99,3.59,105.6094,1
2019-05-05 11:00:00+00:00,27.64,3.99,105.2278,1
2019-05-05 12:00:00+00:00,27.45,3.71,105.1007,1
2019-05-05 13:00:00+00:00,27.01,7.76,105.1007,1
2019-05-05 14:00:00+00:00,26.91,4.25,105.1007,1
2019-05-05 15:00:00+00:00,26.67,4.55,104.9737,1
2019-05-05 16:00:00+00:00,26.86,3.64,104.625,1
2019-05-05 17:00:00+00:00,26.57,4.35,104.1506,1
2019-05-05 18:00:00+00:00,26.86,4.67,103.6458,1
2019-05-05 19:00:00+00:00,26.96,6.36,102.8909,1
2019-05-05 20:00:00+00:00,27.5,3.61,102.0764,1
2019-05-05 21:00:00+00:00,27.55,3.9,101.3587,1
2019-05-05 22:00:00+00:00,27.4,5.36,100.7369,1
2019-05-05 23:00:00+00:00,27.74,3.09,100.1171,1
2019-05-06 00:00:00+00:00,27.45,2.94,99.5611,1
2019-05-06 01:00:00+00:00,27.2,4.6,98.88372,1
2019-05-06 02:00:00+00:00,27.2,3.94,98.30067,1
2019-05-06 03:00:00+00:00,27.16,3.87,97.59756,1
2019-05-06 04:00:00+00:00,26.86,4,97.01842,1
2019-05-06 05:00:00+00:00,28.13,7.11,96.53232,1
2019-05-06 06:00:00+00:00,26.86,3.69,96.13828,1
2019-05-06 07:00:00+00:00,26.28,3.12,95.68477,1
2019-05-06 08:00:00+00:00,26.13,4.38,95.20225,1
2019-05-06 09:00:00+00:00,25.49,3.84,94.69105,1
2019-05-06 10:00:00+00:00,25.2,4.77,94.15124,1
2019-05-06 11:00:00+00:00,24.57,3.18,93.79234,1
2019-05-06 12:00:00+00:00,24.62,3.74,93.64296,1
2019-05-06 13:00:00+00:00,24.13,7.01,93.70271,1
2019-05-06 14:00:00+00:00,24.13,5.52,94.39127,1
2019-05-06 15:00:00+00:00,23.44,3.79,95.56445,1
2019-05-06 16:00:00+00:00,23.25,4.52,96.65396,1
2019-05-06 17:00:00+00:00,24.03,6.86,97.44484,1
2019-05-06 18:00:00+00:00,23.98,3.98,97.84165,1
2019-05-06 19:00:00+00:00,24.27,3.82,97.99447,1
2019-05-06 20:00:00+00:00,24.47,5.4,97.78055,1
2019-05-06 21:00:00+00:00,24.62,4.03,97.4753,1
2019-05-06 22:00:00+00:00,24.62,4.76,96.83609,1
2019-05-06 23:00:00+00:00,25.05,5.11,96.25951,1
2019-05-07 00:00:00+00:00,25.1,12.32,95.65462,1
2019-05-07 01:00:00+00:00,25.59,5.58,95.05177,1
2019-05-07 02:00:00+00:00,25.64,4.99,94.30114,1
2019-05-07 03:00:00+00:00,25.54,5,93.70277,1
2019-05-07 04:00:00+00:00,25.79,5.42,93.40431,1
2019-05-07 05:00:00+00:00,25.74,5.97,93.07673,1
2019-05-07 06:00:00+00:00,25.64,5,92.8091,1
2019-05-07 07:00:00+00:00,25.79,4.29,92.54195,1
2019-05-07 08:00:00+00:00,25.54,4.2,92.21591,1
2019-05-07 09:00:00+00:00,25.01,5.17,92.03836,1
2019-05-07 10:00:00+00:00,24.62,3.57,91.89051,1
2019-05-07 11:00:00+00:00,24.76,4.12,92.09762,1
2019-05-07 12:00:00+00:00,24.22,9.09,93.10718,1
2019-05-07 13:00:00+00:00,24.32,4.33,94.75213,1
2019-05-07 14:00:00+00:00,24.13,4.54,96.50306,1
2019-05-07 15:00:00+00:00,24.03,5.45,98.82438,1
2019-05-07 16:00:00+00:00,24.13,4.71,101.2669,1
2019-05-07 17:00:00+00:00,24.47,6.34,103.2059,1
2019-05-07 18:00:00+00:00,24.42,3.54,104.784,1
2019-05-07 19:00:00+00:00,24.32,6.97,105.7369,1
2019-05-07 20:00:00+00:00,23.74,7.05,106.4388,1
2019-05-07 21:00:00+00:00,23.74,6.68,106.8227,1
2019-05-07 22:00:00+00:00,24.22,8.4,106.8547,1
2019-05-07 23:00:00+00:00,23.83,7.4,106.4708,1
2019-05-08 00:00:00+00:00,23.83,9.89,105.7051,1
2019-05-08 01:00:00+00:00,24.71,7.62,104.7838,1
2019-05-08 02:00:00+00:00,24.57,7.97,103.8035,1
2019-05-08 03:00:00+00:00,24.81,13.77,102.5463,1
2019-05-08 04:00:00+00:00,25.2,7.42,101.3901,1
2019-05-08 05:00:00+00:00,25.01,8.77,100.4889,1
2019-05-08 06:00:00+00:00,25.2,6.1,99.74625,1
2019-05-08 07:00:00+00:00,25.69,7.96,99.22205,1
2019-05-08 08:00:00+00:00,28.13,5.73,98.76075,1
2019-05-08 09:00:00+00:00,26.18,5.12,98.6072,1
2019-05-08 10:00:00+00:00,26.13,6.68,98.6072,1
2019-05-08 11:00:00+00:00,25.69,5.13,98.79144,1
2019-05-08 12:00:00+00:00,24.81,5.14,99.12975,1
2019-05-08 13:00:00+00:00,25.2,7.26,99.71533,1
2019-05-08 14:00:00+00:00,25.15,5.92,100.3648,1
2019-05-08 15:00:00+00:00,25.1,6.23,100.9232,1
2019-05-08 16:00:00+00:00,25.25,5.05,101.5769,1
2019-05-08 17:00:00+00:00,25.3,8.04,102.2327,1
2019-05-08 18:00:00+00:00,26.23,6.97,102.7338,1
2019-05-08 19:00:00+00:00,26.28,31.95,103.142,1
2019-05-08 20:00:00+00:00,28.13,6.41,103.2049,1
2019-05-08 21:00:00+00:00,27.4,9.26,103.2049,1
2019-05-08 22:00:00+00:00,28.38,9.52,103.1734,1
2019-05-08 23:00:00+00:00,28.86,7.03,102.6712,1
2019-05-09 00:00:00+00:00,28.96,7.05,102.0764,1
2019-05-09 01:00:00+00:00,28.57,9.49,101.2343,1
2019-05-09 02:00:00+00:00,27.84,7.03,100.4269,1
2019-05-09 03:00:00+00:00,27.5,6.85,99.46877,1
2019-05-09 04:00:00+00:00,27.4,6.22,98.48482,1
2019-05-09 05:00:00+00:00,27.45,5.77,97.71972,1
2019-05-09 06:00:00+00:00,27.45,6.52,96.745,1
2019-05-09 07:00:00+00:00,27.5,12.16,95.86617,1
2019-05-09 08:00:00+00:00,27.84,3.95,95.23242,1
2019-05-09 09:00:00+00:00,28.18,4.39,94.66098,1
2019-05-09 10:00:00+00:00,28.42,4.65,94.51083,1
2019-05-09 11:00:00+00:00,27.55,3.75,95.17269,1
2019-05-09 12:00:00+00:00,26.81,4.21,96.92857,1
2019-05-09 13:00:00+00:00,26.47,4.16,98.91534,1
2019-05-09 14:00:00+00:00,26.62,13.22,100.5515,2
2019-05-09 15:00:00+00:00,28.13,5.1,101.7641,2
2019-05-09 16:00:00+00:00,26.42,7.36,102.17,2
2019-05-09 17:00:00+00:00,26.23,6.26,102.1075,2
2019-05-09 18:00:00+00:00,26.18,6.47,101.92,2
2019-05-09 19:00:00+00:00,28.13,10.85,101.421,2
2019-05-09 20:00:00+00:00,26.28,9.1,100.83,2
2019-05-09 21:00:00+00:00,28.13,10.04,100.3029,2
2019-05-09 22:00:00+00:00,26.28,11.27,99.6845,2
2019-05-09 23:00:00+00:00,26.47,11.05,99.09892,2
2019-05-10 00:00:00+00:00,26.42,10.48,98.45407,2
2019-05-10 01:00:00+00:00,27.06,11.77,97.65861,2
2019-05-10 02:00:00+00:00,27.64,13.38,96.86642,2
2019-05-10 03:00:00+00:00,27.94,8.35,96.32002,2
2019-05-10 04:00:00+00:00,28.33,7.76,96.04745,2
2019-05-10 05:00:00+00:00,28.77,14.03,95.92643,2
2019-05-10 06:00:00+00:00,29.01,9.6,95.95668,2
2019-05-10 07:00:00+00:00,28.52,8.7,96.22917,2
2019-05-10 08:00:00+00:00,28.67,7.28,97.04918,2
2019-05-10 09:00:00+00:00,28.28,9.21,98.11717,2
2019-05-10 10:00:00+00:00,27.16,12.26,99.06834,2
2019-05-10 11:00:00+00:00,27.64,5.73,99.59183,2
2019-05-10 12:00:00+00:00,28.13,10.06,99.8388,2
2019-05-10 13:00:00+00:00,26.81,6.17,99.96238,2
2019-05-10 14:00:00+00:00,26.08,10.16,99.96238,2
2019-05-10 15:00:00+00:00,28.13,8.83,99.93148,2
2019-05-10 16:00:00+00:00,26.52,11.92,99.71528,2
2019-05-10 17:00:00+00:00,26.23,8.63,99.59181,2
2019-05-10 18:00:00+00:00,26.37,15.69,99.59181,2
2019-05-10 19:00:00+00:00,27.2,11.81,99.83887,2
2019-05-10 20:00:00+00:00,26.28,18.22,100.3648,2
2019-05-10 21:00:00+00:00,25.98,24.24,101.2345,2
2019-05-10 22:00:00+00:00,24.57,34.47,102.4836,2
2019-05-10 23:00:00+00:00,25.35,28.62,103.8353,2
2019-05-11 00:00:00+00:00,25.54,46.46,105.0694,2
2019-05-11 01:00:00+00:00,27.06,26.89,106.3755,2
2019-05-11 02:00:00+00:00,28.23,24.65,107.883,2
2019-05-11 03:00:00+00:00,29.35,14.2,109.4021,2
2019-05-11 04:00:00+00:00,29.26,15.21,110.8668,2
2019-05-11 05:00:00+00:00,29.35,15.87,112.4742,2
2019-05-11 06:00:00+00:00,29.99,26.95,114.1928,2
2019-05-11 07:00:00+00:00,30.87,15.81,115.8254,2
2019-05-11 08:00:00+00:00,31.16,12.09,117.8415,2
2019-05-11 09:00:00+00:00,31.84,12.09,119.9785,2
2019-05-11 10:00:00+00:00,31.11,10.72,122.3073,2
2019-05-11 11:00:00+00:00,31.6,10.32,124.4169,2
2019-05-11 12:00:00+00:00,32.04,12.91,126.6162,2
2019-05-11 13:00:00+00:00,32.28,10.44,128.5523,2
2019-05-11 14:00:00+00:00,32.14,18.4,130.0064,2
2019-05-11 15:00:00+00:00,31.94,14.41,132.5464,2
2019-05-11 16:00:00+00:00,31.45,15.7,135.4743,2
2019-05-11 17:00:00+00:00,31.11,17.36,138.2524,2
2019-05-11 18:00:00+00:00,30.43,35.5,141.024,2
2019-05-11 19:00:00+00:00,29.99,36.07,143.7496,2
2019-05-11 20:00:00+00:00,30.53,33.88,146.4653,2
2019-05-11 21:00:00+00:00,30.53,35.92,149.3233,2
2019-05-11 22:00:00+00:00,31.16,46.9,152.0941,2
2019-05-11 23:00:00+00:00,32.28,31.42,154.7364,2
2019-05-12 00:00:00+00:00,32.97,26.51,157.2451,2
2019-05-12 01:00:00+00:00,34.24,29.61,159.5373,2
2019-05-12 02:00:00+00:00,35.75,19.52,161.9281,2
2019-05-12 03:00:00+00:00,36.83,16.28,164.5387,2
2019-05-12 04:00:00+00:00,37.61,18.5,166.8464,2
2019-05-12 05:00:00+00:00,40.63,12.04,169.4169,2
2019-05-12 06:00:00+00:00,39.07,17.62,171.4719,2
2019-05-12 07:00:00+00:00,40.1,14.49,173.4573,2
2019-05-12 08:00:00+00:00,41.37,12.34,175.3296,2
2019-05-12 09:00:00+00:00,42.15,16.73,177.1288,2
2019-05-12 10:00:00+00:00,42.1,16.02,178.6846,2
2019-05-12 11:00:00+00:00,42.44,14.39,179.8248,2
2019-05-12 12:00:00+00:00,43.52,11.89,181.1386,2
2019-05-12 13:00:00+00:00,44.84,19.09,183.3979,2
2019-05-12 14:00:00+00:00,45.42,12.4,186.5749,2
2019-05-12 15:00:00+00:00,47.03,11.69,188.2607,2
2019-05-12 16:00:00+00:00,47.13,11.89,189.6067,2
2019-05-12 17:00:00+00:00,45.96,23.48,190.5652,2
2019-05-12 18:00:00+00:00,44.74,26.71,191.7891,2
2019-05-12 19:00:00+00:00,43.91,30.18,193.5449,2
2019-05-12 20:00:00+00:00,39.56,38.9,195.8399,2
2019-05-12 21:00:00+00:00,38.73,45.11,198.8633,2
2019-05-12 22:00:00+00:00,38.49,43.89,202.0458,2
2019-05-12 23:00:00+00:00,39.07,48.13,205.6188,2
2019-05-13 00:00:00+00:00,40.05,40.65,209.4548,2
2019-05-13 01:00:00+00:00,39.17,24.8,213.6995,2
2019-05-13 02:00:00+00:00,41.42,24.46,217.7073,2
2019-05-13 03:00:00+00:00,41.56,35.81,221.3296,2
2019-05-13 04:00:00+00:00,44.88,25.44,224.6512,2
2019-05-13 05:00:00+00:00,44.35,26.07,228.4315,2
2019-05-13 06:00:00+00:00,44.54,35.74,231.9538,2
2019-05-13 07:00:00+00:00,44.84,28.04,235.359,2
2019-05-13 08:00:00+00:00,44.93,18.73,238.4459,2
2019-05-13 09:00:00+00:00,45.32,20.22,240.8616,2
2019-05-13 10:00:00+00:00,46.15,20.15,242.5949,2
2019-05-13 11:00:00+00:00,45.52,18.71,243.5885,2
2019-05-13 12:00:00+00:00,45.96,27.06,244.2356,2
2019-05-13 13:00:00+00:00,47.42,15.73,244.6841,2
2019-05-13 14:00:00+00:00,49.52,27.92,244.8835,2
2019-05-13 15:00:00+00:00,46.59,13.61,244.8336,2
2019-05-13 16:00:00+00:00,46.79,19.19,244.3352,2
2019-05-13 17:00:00+00:00,47.08,13.16,243.7875,2
2019-05-13 18:00:00+00:00,46.54,26.85,242.6446,2
2019-05-13 19:00:00+00:00,47.28,17.1,241.0096,2
2019-05-13 20:00:00+00:00,47.77,18.34,239.4791,2
2019-05-13 21:00:00+00:00,47.91,10.58,237.8063,2
2019-05-13 22:00:00+00:00,48.4,16.5,236.7271,2
2019-05-13 23:00:00+00:00,48.4,15.06,235.5043,2
2019-05-14 00:00:00+00:00,49.28,15.36,233.7979,2
2019-05-14 01:00:00+00:00,49.23,10.19,231.614,2
2019-05-14 02:00:00+00:00,48.99,11.88,229.4405,2
2019-05-14 03:00:00+00:00,48.35,15.37,227.4219,2
2019-05-14 04:00:00+00:00,48.84,11.28,225.365,2
2019-05-14 05:00:00+00:00,49.28,12.46,223.3183,2
2019-05-14 06:00:00+00:00,49.96,11.08,221.2341,2
2019-05-14 07:00:00+00:00,50.4,8.42,219.1136,2
2019-05-14 08:00:00+00:00,49.77,11.47,217.0504,2
2019-05-14 09:00:00+00:00,49.18,7.77,215.4167,2
2019-05-14 10:00:00+00:00,49.08,11.77,213.5578,2
2019-05-14 11:00:00+00:00,48.25,13.59,212.1691,2
2019-05-14 12:00:00+00:00,47.72,11.61,210.7394,2
2019-05-14 13:00:00+00:00,46.98,9.22,209.269,2
2019-05-14 14:00:00+00:00,46.59,7.49,207.8041,2
2019-05-14 15:00:00+00:00,45.81,10.03,206.4811,2
2019-05-14 16:00:00+00:00,46.15,9.43,204.9816,2
2019-05-14 17:00:00+00:00,45.47,11.98,203.0361,2
2019-05-14 18:00:00+00:00,46.45,11.53,200.9658,2
2019-05-14 19:00:00+00:00,45.57,13.95,198.907,2
2019-05-14 20:00:00+00:00,44.59,13.43,196.8146,2
2019-05-14 21:00:00+00:00,44.74,8.77,195.0875,2
2019-05-14 22:00:00+00:00,44.93,10.99,193.5005,2
2019-05-14 23:00:00+00:00,45.32,11.26,192.0081,2
2019-05-15 00:00:00+00:00,45.08,9.52,190.4781,2
2019-05-15 01:00:00+00:00,45.23,12.25,189.2588,2
2019-05-15 02:00:00+00:00,45.47,6.94,188.2171,2
2019-05-15 03:00:00+00:00,44.93,8.23,187.308,2
2019-05-15 04:00:00+00:00,45.23,8.64,186.4876,2
2019-05-15 05:00:00+00:00,44.93,13.78,185.7982,2
2019-05-15 06:00:00+00:00,44.69,6.98,184.9814,2
2019-05-15 07:00:00+00:00,44.25,6.66,183.9098,2
2019-05-15 08:00:00+00:00,44.35,7.64,182.8413,2
2019-05-15 09:00:00+00:00,43.91,7.87,181.6908,2
2019-05-15 10:00:00+00:00,43.91,6.06,181.0109,2
2019-05-15 11:00:00+00:00,43.71,7.97,180.2901,2
2019-05-15 12:00:00+00:00,43.47,5.81,179.4441,2
2019-05-15 13:00:00+00:00,43.13,6.71,178.6002,2
2019-05-15 14:00:00+00:00,42.83,8.58,177.5063,2
2019-05-15 15:00:00+00:00,42.39,12.86,176.4578,2
2019-05-15 16:00:00+00:00,42.34,6.47,175.5378,2
2019-05-15 17:00:00+00:00,42,6.52,174.6206,2
2019-05-15 18:00:00+00:00,41.61,7.75,173.7888,2
2019-05-15 19:00:00+00:00,41.47,6.86,172.7935,2
2019-05-15 20:00:00+00:00,41.27,9.27,171.884,2
2019-05-15 21:00:00+00:00,41.42,8.88,170.6478,2
2019-05-15 22:00:00+00:00,41.51,8.76,169.4571,2
2019-05-15 23:00:00+00:00,41.27,8.85,168.4342,2
2019-05-16 00:00:00+00:00,41.37,14.23,167.4557,2
2019-05-16 01:00:00+00:00,41.51,8.84,166.4392,2
2019-05-16 02:00:00+00:00,41.51,10.56,165.6285,2
2019-05-16 03:00:00+00:00,41.37,7.57,164.7797,2
2019-05-16 04:00:00+00:00,40.68,6.41,163.8123,2
2019-05-16 05:00:00+00:00,40.29,8.16,162.848,2
2019-05-16 06:00:00+00:00,40.44,7.91,162.0067,2
2019-05-16 07:00:00+00:00,40.1,11.01,161.3672,2
2019-05-16 08:00:00+00:00,39.95,6.33,160.9682,2
2019-05-16 09:00:00+00:00,39.76,8.21,160.9284,2
2019-05-16 10:00:00+00:00,39.37,7.68,161.0879,2
2019-05-16 11:00:00+00:00,39.46,5.55,161.4471,2
2019-05-16 12:00:00+00:00,40.63,5.67,162.0066,2
2019-05-16 13:00:00+00:00,39.02,13.58,162.3268,2
2019-05-16 14:00:00+00:00,38.83,6.91,162.3668,2
2019-05-16 15:00:00+00:00,38.68,14.4,162.3668,2
2019-05-16 16:00:00+00:00,38.68,9.63,162.2467,2
2019-05-16 17:00:00+00:00,38.53,8.06,162.2067,2
2019-05-16 18:00:00+00:00,40.63,9.89,162.0866,2
2019-05-16 19:00:00+00:00,38.29,10.25,161.8067,2
2019-05-16 20:00:00+00:00,38.29,9.06,161.4471,2
2019-05-16 21:00:00+00:00,40.63,10.51,160.9285,2
2019-05-16 22:00:00+00:00,38.29,7.52,160.4902,2
2019-05-16 23:00:00+00:00,38.14,9.05,159.9336,2
2019-05-17 00:00:00+00:00,38.05,7.56,159.5364,2
2019-05-17 01:00:00+00:00,37.8,18.24,159.3777,2
2019-05-17 02:00:00+00:00,37.8,10.62,159.3381,2
2019-05-17 03:00:00+00:00,38.1,10.64,159.3381,2
2019-05-17 04:00:00+00:00,38.68,10.35,159.3777,2
2019-05-17 05:00:00+00:00,40.63,7.82,159.5364,2
2019-05-17 06:00:00+00:00,38.24,7.31,160.0528,2
2019-05-17 07:00:00+00:00,37.66,8.47,160.6496,2
2019-05-17 08:00:00+00:00,37.31,12.49,161.4872,2
2019-05-17 09:00:00+00:00,37.22,8.35,162.728,2
2019-05-17 10:00:00+00:00,36.43,8.97,164.4983,2
2019-05-17 11:00:00+00:00,36.09,9.2,166.6017,2
2019-05-17 12:00:00+00:00,35.26,7.29,167.4149,2
2019-05-17 13:00:00+00:00,35.26,7.86,168.2708,2
2019-05-17 14:00:00+00:00,35.02,11.37,168.802,2
2019-05-17 15:00:00+00:00,34.68,10.44,169.293,2
2019-05-17 16:00:00+00:00,34.53,15.96,169.826,2
2019-05-17 17:00:00+00:00,33.85,18.89,170.3597,2
2019-05-17 18:00:00+00:00,33.89,16.64,171.1003,2
2019-05-17 19:00:00+00:00,33.8,19.09,171.9665,2
2019-05-17 20:00:00+00:00,34.04,15.56,173.0836,2
2019-05-17 21:00:00+00:00,33.89,14.54,174.2046,2
2019-05-17 22:00:00+00:00,33.85,19.74,175.7889,2
2019-05-17 23:00:00+00:00,34.04,16.6,177.7591,2
2019-05-18 00:00:00+00:00,34.68,11.5,179.8676,2
2019-05-18 01:00:00+00:00,34.97,9.16,182.3732,2
2019-05-18 02:00:00+00:00,35.41,8.59,185.0684,2
2019-05-18 03:00:00+00:00,35.95,19.93,187.4821,2
2019-05-18 04:00:00+00:00,36.83,8.7,190.1301,2
2019-05-18 05:00:00+00:00,37.31,13.08,192.7104,2
2019-05-18 06:00:00+00:00,37.75,11.5,195.1323,2
2019-05-18 07:00:00+00:00,37.66,12.22,197.8376,2
2019-05-18 08:00:00+00:00,37.66,6.11,200.3382,2
2019-05-18 09:00:00+00:00,37.66,6.32,202.4949,2
2019-05-18 10:00:00+00:00,37.75,12.04,204.3017,2
2019-05-18 11:00:00+00:00,38,9.71,205.9352,2
2019-05-18 12:00:00+00:00,38,8,207.3473,2
2019-05-18 13:00:00+00:00,37.85,9.15,208.3983,2
2019-05-18 14:00:00+00:00,37.02,11.38,208.9019,2
2019-05-18 15:00:00+00:00,37.8,9.75,209.2687,2
2019-05-18 16:00:00+00:00,37.36,8.01,209.5898,2
2019-05-18 17:00:00+00:00,37.46,8.8,209.7735,2
2019-05-18 18:00:00+00:00,37.75,13.28,210.1871,2
2019-05-18 19:00:00+00:00,37.8,13.72,210.9695,2
2019-05-18 20:00:00+00:00,37.56,10.7,212.0767,2
2019-05-18 21:00:00+00:00,37.36,11.35,213.6042,2
2019-05-18 22:00:00+00:00,37.61,18.39,215.4167,2
2019-05-18 23:00:00+00:00,38.63,11.15,217.6125,2
2019-05-19 00:00:00+00:00,37.31,14.14,220.0076,2
2019-05-19 01:00:00+00:00,37.41,11.33,222.1804,2
2019-05-19 02:00:00+00:00,37.56,8.93,224.7933,2
2019-05-19 03:00:00+00:00,38.29,9.36,227.4702,2
2019-05-19 04:00:00+00:00,40.63,8.35,230.2126,2
2019-05-19 05:00:00+00:00,38.88,7.41,232.7776,2
2019-05-19 06:00:00+00:00,40.63,6.75,235.0163,2
2019-05-19 07:00:00+00:00,38.49,11.98,236.8743,2
2019-05-19 08:00:00+00:00,38.29,14.72,238.2976,2
2019-05-19 09:00:00+00:00,38.73,8.7,239.5775,2
2019-05-19 10:00:00+00:00,38.1,8.04,240.7127,2
2019-05-19 11:00:00+00:00,37.12,11.61,241.4051,2
2019-05-19 12:00:00+00:00,37.51,10.07,241.6527,2
2019-05-19 13:00:00+00:00,37.07,8.56,241.4052,2
2019-05-19 14:00:00+00:00,37.26,10.44,240.5151,2
2019-05-19 15:00:00+00:00,36.63,10.29,239.6267,2
2019-05-19 16:00:00+00:00,37.07,13.29,238.9369,2
2019-05-19 17:00:00+00:00,36.58,7.95,238.3957,2
2019-05-19 18:00:00+00:00,36.43,9.66,238.3957,2
2019-05-19 19:00:00+00:00,36.48,13.69,238.9862,2
2019-05-19 20:00:00+00:00,36.63,15.16,240.6639,2
2019-05-19 21:00:00+00:00,36.83,14.36,243.0924,2
2019-05-19 22:00:00+00:00,36.58,12.59,245.9836,2
2019-05-19 23:00:00+00:00,36.19,17.9,249.6992,2
2019-05-20 00:00:00+00:00,36.78,14.31,254.1055,2
2019-05-20 01:00:00+00:00,36.34,14.45,258.8091,2
2019-05-20 02:00:00+00:00,36.09,13.6,263.3507,2
2019-05-20 03:00:00+00:00,36,14.97,267.6212,2
2019-05-20 04:00:00+00:00,35.65,15.97,272.0339,2
2019-05-20 05:00:00+00:00,36.19,13.46,276.3783,2
2019-05-20 06:00:00+00:00,35.51,20.03,280.0085,2
2019-05-20 07:00:00+00:00,35.6,12.8,283.2874,2
2019-05-20 08:00:00+00:00,34.58,17.75,286.4775,2
2019-05-20 09:00:00+00:00,34.19,14.45,288.9781,2
2019-05-20 10:00:00+00:00,34.63,19.07,290.7788,2
2019-05-20 11:00:00+00:00,34.19,19.25,292.1475,2
2019-05-20 12:00:00+00:00,34.29,14.6,293.7392,2
2019-05-20 13:00:00+00:00,33.6,16.64,295.1152,2
2019-05-20 14:00:00+00:00,34.24,25.27,296.3288,2
2019-05-20 15:00:00+00:00,33.31,13.85,297.7667,2
2019-05-20 16:00:00+00:00,33.46,17.84,299.764,2
2019-05-20 17:00:00+00:00,,19.76,302.5496,2
2019-05-20 18:00:00+00:00,33.26,14.97,305.3487,2
2019-05-20 19:00:00+00:00,33.31,20.52,308.7264,2
2019-05-20 20:00:00+00:00,32.38,15.08,312.7484,2
2019-05-20 21:00:00+00:00,32.63,25.17,317.3143,2
2019-05-20 22:00:00+00:00,32.33,21.83,322.3766,2
2019-05-20 23:00:00+00:00,31.06,36.74,327.1899,2
2019-05-21 00:00:00+00:00,31.84,19.63,331.6313,2
2019-05-21 01:00:00+00:00,31.65,28.07,335.868,2
2019-05-21 02:00:00+00:00,31.5,17.07,339.8961,2
2019-05-21 03:00:00+00:00,31.21,25.61,343.1721,2
2019-05-21 04:00:00+00:00,30.33,28.11,346.2856,2
2019-05-21 05:00:00+00:00,30.04,25.95,348.5699,2
2019-05-21 06:00:00+00:00,30.57,24.83,350.1979,2
2019-05-21 07:00:00+00:00,29.79,40.98,350.8018,2
2019-05-21 08:00:00+00:00,30.09,18.54,351.2251,2
2019-05-21 09:00:00+00:00,29.99,25.38,351.467,2
2019-05-21 10:00:00+00:00,29.5,22.55,351.2251,2
2019-05-21 11:00:00+00:00,29.74,24.64,350.2584,2
2019-05-21 12:00:00+00:00,29.3,20.57,348.871,2
2019-05-21 13:00:00+00:00,29.55,20.26,347.1858,2
2019-05-21 14:00:00+00:00,29.6,23.61,345.805,2
2019-05-21 15:00:00+00:00,30.09,22.4,344.7262,2
2019-05-21 16:00:00+00:00,29.99,14.76,343.8885,2
2019-05-21 17:00:00+00:00,30.04,21.65,343.5298,2
2019-05-21 18:00:00+00:00,29.94,20.93,343.2907,2
2019-05-21 19:00:00+00:00,29.74,20.87,343.5895,2
2019-05-21 20:00:00+00:00,29.6,23.26,344.7264,2
2019-05-21 21:00:00+00:00,29.3,17.81,346.4653,2
2019-05-21 22:00:00+00:00,28.42,19.88,348.8712,2
2019-05-21 23:00:00+00:00,29.11,15.84,350.8023,2
2019-05-22 00:00:00+00:00,29.5,18.4,352.9209,2
2019-05-22 01:00:00+00:00,29.01,24.55,354.8639,2
2019-05-22 02:00:00+00:00,29.3,15.43,356.5686,2
2019-05-22 03:00:00+00:00,29.06,24.03,357.7278,2
2019-05-22 04:00:00+00:00,29.3,22.83,358.461,2
2019-05-22 05:00:00+00:00,28.77,16,358.7667,2
2019-05-22 06:00:00+00:00,28.72,16.5,358.7056,2
2019-05-22 07:00:00+00:00,28.77,23.67,358.2776,2
2019-05-22 08:00:00+00:00,28.18,19.74,357.3006,2
2019-05-22 09:00:00+00:00,27.89,19.94,355.8983,2
2019-05-22 10:00:00+00:00,27.99,20.93,354.3777,2
2019-05-22 11:00:00+00:00,27.94,18.7,352.3755,2
2019-05-22 12:00:00+00:00,28.38,16.5,350.1982,2
2019-05-22 13:00:00+00:00,28.23,19.63,347.7875,2
2019-05-22 14:00:00+00:00,28.33,16.35,345.5057,2
2019-05-22 15:00:00+00:00,27.99,15.32,343.112,2
2019-05-22 16:00:00+00:00,28.52,17.79,341.2631,2
2019-05-22 17:00:00+00:00,27.94,19.68,339.4195,2
2019-05-22 18:00:00+00:00,27.89,16.68,337.8773,2
2019-05-22 19:00:00+00:00,28.03,18.46,336.6347,2
2019-05-22 20:00:00+00:00,27.84,16.14,335.3943,2
2019-05-22 21:00:00+00:00,28.18,36.74,334.3333,2
2019-05-22 22:00:00+00:00,28.18,14.93,333.2149,2
2019-05-22 23:00:00+00:00,28.13,14.71,332.2161,2
2019-05-23 00:00:00+00:00,27.99,15.73,331.6879,2
2019-05-23 01:00:00+00:00,28.13,16.27,330.9845,2
2019-05-23 02:00:00+00:00,27.94,19.41,330.0478,2
2019-05-23 03:00:00+00:00,27.84,18.53,329.1126,2
2019-05-23 04:00:00+00:00,27.74,17.17,328.0038,2
2019-05-23 05:00:00+00:00,27.79,15.32,326.7224,2
2019-05-23 06:00:00+00:00,27.35,13.23,325.3277,2
2019-05-23 07:00:00+00:00,27.2,13.34,323.531,2
2019-05-23 08:00:00+00:00,27.2,18.44,320.1268,2
2019-05-23 09:00:00+00:00,27.16,13.09,318.3441,2
2019-05-23 10:00:00+00:00,27.25,16.57,316.0017,2
2019-05-23 11:00:00+00:00,26.91,11.79,311.2277,2
2019-05-23 12:00:00+00:00,26.42,9.8,307.864,2
2019-05-23 13:00:00+00:00,26.18,12.12,303.89,2
2019-05-23 14:00:00+00:00,26.13,8.79,299.9161,2
2019-05-23 15:00:00+00:00,28.13,10.6,296.8257,2
2019-05-23 16:00:00+00:00,25.74,10.53,296.3844,2
2019-05-23 17:00:00+00:00,25.3,13.29,293.9048,2
2019-05-23 18:00:00+00:00,25.15,10.92,291.053,2
2019-05-23 19:00:00+00:00,25.01,18.89,288.3791,2
2019-05-23 20:00:00+00:00,25.59,8.89,285.7727,2
2019-05-23 21:00:00+00:00,25.69,11.09,283.2865,2
2019-05-23 22:00:00+00:00,25.45,11.36,281.2953,2
2019-05-23 23:00:00+00:00,25.59,9.45,279.205,2
2019-05-24 00:00:00+00:00,25.45,9.71,276.8027,2
2019-05-24 01:00:00+00:00,25.64,9.08,274.8361,2
2019-05-24 02:00:00+00:00,25.25,13.29,272.6128,2
2019-05-24 03:00:00+00:00,25.45,13.51,270.3991,2
2019-05-24 04:00:00+00:00,25.59,12.51,268.1953,2
2019-05-24 05:00:00+00:00,25.69,9.1,265.7401,2
2019-05-24 06:00:00+00:00,25.25,7.45,263.4527,2
2019-05-24 07:00:00+00:00,24.96,8.61,261.5373,2
2019-05-24 08:00:00+00:00,24.86,7.71,258.8586,2
2019-05-24 09:00:00+00:00,24.42,8.29,255.7859,2
2019-05-24 10:00:00+00:00,24.52,7.78,253.0869,2
2019-05-24 11:00:00+00:00,23.98,11.26,250.808,2
2019-05-24 12:00:00+00:00,23.64,8.95,248.3893,2
2019-05-24 13:00:00+00:00,23.64,14.25,246.2327,2
2019-05-24 14:00:00+00:00,23.25,7.09,244.2362,2
2019-05-24 15:00:00+00:00,23.88,7.99,242.2479,2
2019-05-24 16:00:00+00:00,23.98,8.52,240.2192,2
2019-05-24 17:00:00+00:00,23.83,7.83,238.5926,2
2019-05-24 18:00:00+00:00,23.88,7.95,237.3155,2
2019-05-24 19:00:00+00:00,23.98,8.7,236.042,2
2019-05-24 20:00:00+00:00,23.98,9.39,234.6745,2
2019-05-24 21:00:00+00:00,24.03,8.31,233.6517,2
2019-05-24 22:00:00+00:00,23.98,8.87,232.7284,2
2019-05-24 23:00:00+00:00,23.64,8.14,231.6134,2
2019-05-25 00:00:00+00:00,24.08,8.24,230.3081,2
2019-05-25 01:00:00+00:00,24.08,8.55,229.103,2
2019-05-25 02:00:00+00:00,23.74,10.06,227.7093,2
2019-05-25 03:00:00+00:00,23.88,7.25,226.1768,2
2019-05-25 04:00:00+00:00,23.74,9.03,224.602,2
2019-05-25 05:00:00+00:00,24.13,9.1,222.9857,2
2019-05-25 06:00:00+00:00,24.62,11.06,221.2813,2
2019-05-25 07:00:00+00:00,24.32,7.56,219.6306,2
2019-05-25 08:00:00+00:00,24.57,8.66,218.0804,2
2019-05-25 09:00:00+00:00,24.52,6.51,216.536,2
2019-05-25 10:00:00+00:00,24.47,12.6,214.9512,2
2019-05-25 11:00:00+00:00,24.42,9.42,213.4651,2
2019-05-25 12:00:00+00:00,24.37,8.19,211.7075,2
2019-05-25 13:00:00+00:00,24.08,8.57,210.1415,2
2019-05-25 14:00:00+00:00,23.74,8.99,208.2615,2
2019-05-25 15:00:00+00:00,23.74,10.15,206.6633,2
2019-05-25 16:00:00+00:00,23.79,7.66,205.0273,2
2019-05-25 17:00:00+00:00,23.69,8.21,203.3968,2
2019-05-25 18:00:00+00:00,23.98,8.7,202.3593,2
2019-05-25 19:00:00+00:00,24.18,6.86,201.1898,2
2019-05-25 20:00:00+00:00,24.32,7.64,200.0688,2
2019-05-25 21:00:00+00:00,24.57,6.85,198.5943,2
2019-05-25 22:00:00+00:00,25.01,7.77,197.1695,2
2019-05-25 23:00:00+00:00,24.96,6.46,196.2376,2
2019-05-26 00:00:00+00:00,25.15,5.99,195.0432,2
2019-05-26 01:00:00+00:00,24.86,7.31,194.0725,2
2019-05-26 02:00:00+00:00,25.01,6.33,192.9729,2
2019-05-26 03:00:00+00:00,25.01,6.24,191.964,2
2019-05-26 04:00:00+00:00,25.01,7.07,191.1765,2
2019-05-26 05:00:00+00:00,24.52,10.07,190.2162,2
2019-05-26 06:00:00+00:00,24.52,8.43,189.5196,2
2019-05-26 07:00:00+00:00,24.27,6.54,188.6074,2
2019-05-26 08:00:00+00:00,24.13,5.97,187.6974,2
2019-05-26 09:00:00+00:00,24.13,6.44,186.5309,2
2019-05-26 10:00:00+00:00,23.98,7.43,184.9818,2
2019-05-26 11:00:00+00:00,23.79,6.51,183.696,2
2019-05-26 12:00:00+00:00,23.35,5.39,182.0314,2
2019-05-26 13:00:00+00:00,23.3,7.08,180.8413,2
2019-05-26 14:00:00+00:00,23.1,7.2,179.8246,2
2019-05-26 15:00:00+00:00,22.81,5.94,178.7689,2
2019-05-26 16:00:00+00:00,22.95,6.13,177.5904,2
2019-05-26 17:00:00+00:00,23.1,5.64,176.2068,2
2019-05-26 18:00:00+00:00,23.1,4.89,174.9958,2
2019-05-26 19:00:00+00:00,23,5.51,173.7887,2
2019-05-26 20:00:00+00:00,23.1,6.18,172.7937,2
2019-05-26 21:00:00+00:00,23.1,7.87,171.8013,2
2019-05-26 22:00:00+00:00,23.2,5.77,170.8534,2
2019-05-26 23:00:00+00:00,23.49,4.21,169.867,2
2019-05-27 00:00:00+00:00,23.3,4.78,169.334,2
2019-05-27 01:00:00+00:00,23.49,5.6,169.1702,2
2019-05-27 02:00:00+00:00,23.64,5.86,169.5799,2
2019-05-27 03:00:00+00:00,23.54,4.88,170.0722,2
2019-05-27 04:00:00+00:00,23.79,9.96,170.7709,2
2019-05-27 05:00:00+00:00,23.2,4.33,170.9766,2
2019-05-27 06:00:00+00:00,22.95,5.17,170.9766,2
2019-05-27 07:00:00+00:00,22.71,6.23,170.6475,2
2019-05-27 08:00:00+00:00,22.47,5.93,169.9491,2
2019-05-27 09:00:00+00:00,22.08,5.64,169.0066,2
2019-05-27 10:00:00+00:00,21.68,5.02,168.0669,2
2019-05-27 11:00:00+00:00,21.73,5.31,167.0894,2
2019-05-27 12:00:00+00:00,22.12,6.09,166.1147,2
2019-05-27 13:00:00+00:00,21.83,5.77,165.0221,2
2019-05-27 14:00:00+00:00,22.03,6.23,163.9733,2
2019-05-27 15:00:00+00:00,21.88,5.69,163.0486,2
2019-05-27 16:00:00+00:00,21.54,5.36,162.3269,2
2019-05-27 17:00:00+00:00,21.98,5.17,161.6468,2
2019-05-27 18:00:00+00:00,21.59,5.84,160.8089,2
2019-05-27 19:00:00+00:00,22.08,6.73,160.2913,2
2019-05-27 20:00:00+00:00,22.12,6.94,159.8541,2
2019-05-27 21:00:00+00:00,22.17,6.59,159.6158,2
2019-05-27 22:00:00+00:00,22.12,6.49,159.4174,2
2019-05-27 23:00:00+00:00,22.42,6.2,159.0607,2
2019-05-28 00:00:00+00:00,22.47,6.02,159.0211,2
2019-05-28 01:00:00+00:00,22.32,8.09,159.0607,2
2019-05-28 02:00:00+00:00,22.66,9.14,159.1795,2
2019-05-28 03:00:00+00:00,22.52,6.11,159.1399,2
2019-05-28 04:00:00+00:00,22.47,5.92,159.0211,2
2019-05-28 05:00:00+00:00,22.12,9.47,158.7836,2
2019-05-28 06:00:00+00:00,21.88,6.47,158.388,2
2019-05-28 07:00:00+00:00,21.88,8.05,158.388,2
2019-05-28 08:00:00+00:00,21.73,7.61,158.072,2
2019-05-28 09:00:00+00:00,22.52,6.15,157.6774,2
2019-05-28 10:00:00+00:00,21.49,6.28,157.0473,2
2019-05-28 11:00:00+00:00,21.1,6.08,156.1439,2
2019-05-28 12:00:00+00:00,21.59,6.48,155.4384,2
2019-05-28 13:00:00+00:00,21.44,3.73,155.0865,2
2019-05-28 14:00:00+00:00,21.49,6.45,154.7349,2
2019-05-28 15:00:00+00:00,21.54,6.56,154.228,2
2019-05-28 16:00:00+00:00,21.39,5.78,153.7217,3
2019-05-28 17:00:00+00:00,21.73,7.52,153.7996,3
2019-05-28 18:00:00+00:00,22.17,6.23,153.8774,3
2019-05-28 19:00:00+00:00,22.27,7.38,154.1111,3
2019-05-28 20:00:00+00:00,22.86,7.5,154.696,3
2019-05-28 21:00:00+00:00,22.17,6.45,155.6735,3
2019-05-28 22:00:00+00:00,22.81,7.62,157.0479,3
2019-05-28 23:00:00+00:00,23.15,6.06,158.9029,3
2019-05-29 00:00:00+00:00,23.35,6.15,161.1694,3
2019-05-29 01:00:00+00:00,23.44,7.07,164.1764,3
2019-05-29 02:00:00+00:00,23.39,7.69,167.2534,3
2019-05-29 03:00:00+00:00,23.3,7.29,170.0327,3
2019-05-29 04:00:00+00:00,23.3,7.31,172.7535,3
2019-05-29 05:00:00+00:00,23.1,7.09,175.6649,3
2019-05-29 06:00:00+00:00,23.1,8.46,178.6436,3
2019-05-29 07:00:00+00:00,23.2,8.61,181.4373,3
2019-05-29 08:00:00+00:00,23.25,9.43,185.07,3
2019-05-29 09:00:00+00:00,23.44,6.91,188.6087,3
2019-05-29 10:00:00+00:00,23.64,7.74,191.7908,3
2019-05-29 11:00:00+00:00,23.64,7.97,195.0002,3
2019-05-29 12:00:00+00:00,23.49,8.2,198.3289,3
2019-05-29 13:00:00+00:00,23.15,5.13,202.3164,3
2019-05-29 14:00:00+00:00,22.81,7.16,206.5753,3
2019-05-29 15:00:00+00:00,22.81,12.68,210.4189,3
2019-05-29 16:00:00+00:00,22.71,8.28,214.2093,3
2019-05-29 17:00:00+00:00,23.05,9.34,218.4589,3
2019-05-29 18:00:00+00:00,23.59,7.75,223.5115,3
2019-05-29 19:00:00+00:00,23.79,7.31,229.5428,3
2019-05-29 20:00:00+00:00,23.98,7.73,237.032,3
2019-05-29 21:00:00+00:00,24.13,8.44,245.7405,3
2019-05-29 22:00:00+00:00,24.27,9.56,253.6546,3
2019-05-29 23:00:00+00:00,24.52,9.25,262.7385,3
2019-05-30 00:00:00+00:00,24.57,8.08,272.8373,3
2019-05-30 01:00:00+00:00,24.86,9.09,284.3279,3
2019-05-30 02:00:00+00:00,25.1,9.73,296.5116,3
2019-05-30 03:00:00+00:00,25.79,9.79,309.6493,3
2019-05-30 04:00:00+00:00,25.74,11.26,324.0164,3
2019-05-30 05:00:00+00:00,26.23,9.96,337.8952,3
2019-05-30 06:00:00+00:00,26.37,13.94,350.6345,3
2019-05-30 07:00:00+00:00,26.23,11.71,362.2115,3
2019-05-30 08:00:00+00:00,26.32,20.69,371.9902,3
2019-05-30 09:00:00+00:00,26.42,15.61,380.0165,3
2019-05-30 10:00:00+00:00,27.06,17.51,387.242,3
2019-05-30 11:00:00+00:00,27.16,19.19,393.19,3
2019-05-30 12:00:00+00:00,27.35,21.58,398.2167,3
2019-05-30 13:00:00+00:00,28.28,18.77,402.6265,3
2019-05-30 14:00:00+00:00,29.01,23.7,406.1542,3
2019-05-30 15:00:00+00:00,28.18,22.1,408.4472,3
2019-05-30 16:00:00+00:00,28.57,29.12,409.4258,3
2019-05-30 17:00:00+00:00,28.77,26.17,409.0697,3
2019-05-30 18:00:00+00:00,29.55,28.75,407.914,3
2019-05-30 19:00:00+00:00,30.28,34.93,405.2504,3
2019-05-30 20:00:00+00:00,30.57,24.5,402.821,3
2019-05-30 21:00:00+00:00,31.36,31.4,399.2514,3
2019-05-30 22:00:00+00:00,31.21,31.17,395.5694,3
2019-05-30 23:00:00+00:00,32.38,30.27,391.3286,3
2019-05-31 00:00:00+00:00,32.58,32.69,386.7943,3
2019-05-31 01:00:00+00:00,32.97,26.84,382.1609,3
2019-05-31 02:00:00+00:00,33.21,29.75,377.5578,3
2019-05-31 03:00:00+00:00,33.16,23.38,372.6721,3
2019-05-31 04:00:00+00:00,33.06,22.19,367.8825,3
2019-05-31 05:00:00+00:00,33.16,21.28,362.6337,3
2019-05-31 06:00:00+00:00,32.38,19.14,357.7302,3
2019-05-31 07:00:00+00:00,32.19,16.85,352.4384,3
2019-05-31 08:00:00+00:00,32.04,16.03,347.1283,3
2019-05-31 09:00:00+00:00,31.6,17.58,342.0399,3
2019-05-31 10:00:00+00:00,31.11,16.5,336.992,3
2019-05-31 11:00:00+00:00,30.43,15.95,331.6322,3
2019-05-31 12:00:00+00:00,29.5,18.22,326.2015,3
2019-05-31 13:00:00+00:00,29.55,16.43,321.4526,3
2019-05-31 14:00:00+00:00,29.06,13.8,316.9128,3
2019-05-31 15:00:00+00:00,28.72,15.17,312.7484,3
2019-05-31 16:00:00+00:00,28.47,18.13,309.2342,3
2019-05-31 17:00:00+00:00,27.94,13.12,305.5743,3
2019-05-31 18:00:00+00:00,27.94,13.66,302.1027,3
2019-05-31 19:00:00+00:00,27.45,14.27,299.3199,3
2019-05-31 20:00:00+00:00,28.08,18.4,296.5505,3
2019-05-31 21:00:00+00:00,27.59,11.21,293.9046,3
2019-05-31 22:00:00+00:00,27.55,13.08,291.4905,3
2019-05-31 23:00:00+00:00,27.4,14.3,289.087,3
2019-06-01 00:00:00+00:00,27.16,12.4,286.7484,3
2019-06-01 01:00:00+00:00,26.91,18.23,284.8521,3
2019-06-01 02:00:00+00:00,26.67,11.99,283.0709,3
2019-06-01 03:00:00+00:00,26.23,11.41,281.0805,3
2019-06-01 04:00:00+00:00,26.08,10.38,278.8838,3
2019-06-01 05:00:00+00:00,28.13,13.87,277.1223,3
2019-06-01 06:00:00+00:00,25.79,12.32,274.8361,3
2019-06-01 07:00:00+00:00,25.54,7.82,272.6657,3
2019-06-01 08:00:00+00:00,25.54,13.43,270.662,3
2019-06-01 09:00:00+00:00,25.4,12.64,268.5618,3
2019-06-01 10:00:00+00:00,25.3,12.82,266.2092,3
2019-06-01 11:00:00+00:00,25.25,12.62,264.1273,3
2019-06-01 12:00:00+00:00,25.35,11.05,262.0026,3
2019-06-01 13:00:00+00:00,24.81,13.19,259.5269,3
2019-06-01 14:00:00+00:00,24.71,16.03,257.2167,3
2019-06-01 15:00:00+00:00,24.76,12.21,255.1728,3
2019-06-01 16:00:00+00:00,24.91,14.2,252.9854,3
2019-06-01 17:00:00+00:00,24.96,12.7,250.8078,3
2019-06-01 18:00:00+00:00,25.35,11.46,249.2439,3
2019-06-01 19:00:00+00:00,25.15,13.13,247.6356,3
2019-06-01 20:00:00+00:00,25.25,16.29,246.0325,3
2019-06-01 21:00:00+00:00,25.35,12.26,244.7838,3
2019-06-01 22:00:00+00:00,25.4,14.94,243.4397,3
2019-06-01 23:00:00+00:00,25.45,15.49,242.0494,3
2019-06-02 00:00:00+00:00,25.54,12.96,240.96,3
2019-06-02 01:00:00+00:00,25.69,13.55,239.9226,3
2019-06-02 02:00:00+00:00,25.79,14.97,239.134,3
2019-06-02 03:00:00+00:00,25.79,14.39,238.1991,3
2019-06-02 04:00:00+00:00,25.45,9.61,237.4625,3
2019-06-02 05:00:00+00:00,25.1,13.11,236.727,3
2019-06-02 06:00:00+00:00,25.4,9.25,236.4821,3
2019-06-02 07:00:00+00:00,25.3,7.08,236.4331,3
2019-06-02 08:00:00+00:00,25.1,10.75,236.4821,3
2019-06-02 09:00:00+00:00,25.1,8.24,236.5311,3
2019-06-02 10:00:00+00:00,24.71,7.75,236.3842,3
2019-06-02 11:00:00+00:00,24.47,8.46,236.2374,3
2019-06-02 12:00:00+00:00,24.27,8.64,235.016,3
2019-06-02 13:00:00+00:00,24.32,7.24,233.9925,3
2019-06-02 14:00:00+00:00,24.52,10.44,232.3405,3
2019-06-02 15:00:00+00:00,24.52,8.18,231.0811,3
2019-06-02 16:00:00+00:00,24.66,11.26,229.8738,3
2019-06-02 17:00:00+00:00,24.66,8.49,228.8142,3
2019-06-02 18:00:00+00:00,24.86,9.5,227.5174,3
2019-06-02 19:00:00+00:00,24.91,7.4,226.607,3
2019-06-02 20:00:00+00:00,25.1,8.94,225.6509,3
2019-06-02 21:00:00+00:00,25.05,11.49,224.7447,3
2019-06-02 22:00:00+00:00,25.35,9.62,223.9355,3
2019-06-02 23:00:00+00:00,25.3,8.66,223.2702,3
2019-06-03 00:00:00+00:00,25.2,9.64,222.4165,3
2019-06-03 01:00:00+00:00,25.4,9.42,221.8955,3
2019-06-03 02:00:00+00:00,25.05,8.94,221.0447,3
2019-06-03 03:00:00+00:00,25.45,7.69,220.2426,3
2019-06-03 04:00:00+00:00,25.3,9.27,219.3011,3
2019-06-03 05:00:00+00:00,25.25,7.65,218.3147,3
2019-06-03 06:00:00+00:00,24.91,7.28,217.4242,3
2019-06-03 07:00:00+00:00,24.76,8.07,216.4426,3
2019-06-03 08:00:00+00:00,24.47,8.8,215.3232,3
2019-06-03 09:00:00+00:00,23.98,6.66,213.9289,3
2019-06-03 10:00:00+00:00,23.59,6.89,212.585,3
2019-06-03 11:00:00+00:00,23.79,6.73,211.1081,3
2019-06-03 12:00:00+00:00,23.15,8.52,209.7278,3
2019-06-03 13:00:00+00:00,23,6.81,208.3528,3
2019-06-03 14:00:00+00:00,23.54,7.07,207.1646,3
2019-06-03 15:00:00+00:00,23.44,7.21,206.481,3
2019-06-03 16:00:00+00:00,23.3,8.04,205.1629,3
2019-06-03 17:00:00+00:00,23.15,7.43,204.3013,3
2019-06-03 18:00:00+00:00,23,8.14,203.9844,3
2019-06-03 19:00:00+00:00,22.91,7.93,204.0296,3
2019-06-03 20:00:00+00:00,23.2,6.58,204.1654,3
2019-06-03 21:00:00+00:00,23.15,6.11,204.1654,3
2019-06-03 22:00:00+00:00,23.3,8.05,204.5732,3
2019-06-03 23:00:00+00:00,23.25,5.57,205.3442,3
2019-06-04 00:00:00+00:00,23.49,4.71,206.2989,4
2019-06-04 01:00:00+00:00,23.3,7.49,207.2103,4
2019-06-04 02:00:00+00:00,23.3,5.17,208.2611,4
2019-06-04 03:00:00+00:00,23.1,6.16,209.177,4
2019-06-04 04:00:00+00:00,23.39,7,210.0953,4
2019-06-04 05:00:00+00:00,23,5.94,211.1077,4
2019-06-04 06:00:00+00:00,23.49,5.68,212.1691,4
2019-06-04 07:00:00+00:00,23.15,6.36,213.233,4
2019-06-04 08:00:00+00:00,23.15,5.58,213.6501,4
2019-06-04 09:00:00+00:00,23.35,6.58,213.0015,4
2019-06-04 10:00:00+00:00,23.54,6.34,212.1689,4
2019-06-04 11:00:00+00:00,23.59,7.25,213.0953,4
2019-06-04 12:00:00+00:00,23.54,6.84,217.4755,4
2019-06-04 13:00:00+00:00,23.1,6.7,222.8941,4
2019-06-04 14:00:00+00:00,22.81,8.76,226.6079,4
2019-06-04 15:00:00+00:00,23.15,7.36,228.9108,4
2019-06-04 16:00:00+00:00,23.2,8.8,230.2598,4
2019-06-04 17:00:00+00:00,23.49,7.33,231.7104,4
2019-06-04 18:00:00+00:00,23.79,7.52,233.0684,4
2019-06-04 19:00:00+00:00,23.74,6.43,234.4797,4
2019-06-04 20:00:00+00:00,23.98,6.91,236.4336,4
2019-06-04 21:00:00+00:00,21.1,15.8,237.9537,4
2019-06-04 22:00:00+00:00,,392.4,239.8244,4
2019-06-04 23:00:00+00:00,,,241.6035,4
2019-06-05 00:00:00+00:00,,,243.1911,4
2019-06-05 01:00:00+00:00,,,244.5347,4
2019-06-05 02:00:00+00:00,,464.2,245.8323,4
2019-06-05 03:00:00+00:00,,293.4,246.9333,4
2019-06-05 04:00:00+00:00,,152.4,247.7357,4
2019-06-05 05:00:00+00:00,,124.8,248.3885,4
2019-06-05 06:00:00+00:00,,84.7,248.992,4
2019-06-05 07:00:00+00:00,,65.61,249.143,4
2019-06-05 08:00:00+00:00,,32.01,249.294,4
2019-06-05 09:00:00+00:00,,,249.294,4
2019-06-05 10:00:00+00:00,,65.73,249.294,4
2019-06-05 11:00:00+00:00,14.85,36.92,249.2437,4
2019-06-05 12:00:00+00:00,16.56,59.02,249.0926,4
2019-06-05 13:00:00+00:00,14.41,35.95,248.9417,4
2019-06-05 14:00:00+00:00,18.12,26.55,248.8913,4
2019-06-05 15:00:00+00:00,18.32,19.09,248.9417,4
2019-06-05 16:00:00+00:00,18.85,35.46,249.143,4
2019-06-05 17:00:00+00:00,19.29,20.85,249.8989,4
2019-06-05 18:00:00+00:00,19.15,18.83,251.1106,4
2019-06-05 19:00:00+00:00,19.29,13.75,252.6299,4
2019-06-05 20:00:00+00:00,19.54,18.45,254.4086,4
2019-06-05 21:00:00+00:00,19.44,18.85,257.0124,4
2019-06-05 22:00:00+00:00,19.68,10.31,259.939,4
2019-06-05 23:00:00+00:00,19.39,19.63,263.1422,4
2019-06-06 00:00:00+00:00,19.78,19.85,266.1577,4
2019-06-06 01:00:00+00:00,19.54,18.79,269.5591,4
2019-06-06 02:00:00+00:00,19.73,10.53,272.9837,4
2019-06-06 03:00:00+00:00,19.15,16.37,276.6977,4
2019-06-06 04:00:00+00:00,19.24,20.93,280.7061,4
2019-06-06 05:00:00+00:00,18.75,17.96,285.125,4
2019-06-06 06:00:00+00:00,18.56,17.32,289.9072,4
2019-06-06 07:00:00+00:00,17.68,14.96,294.4565,4
2019-06-06 08:00:00+00:00,15.48,21.93,299.433,4
2019-06-06 09:00:00+00:00,13.58,35.52,304.5655,4
2019-06-06 10:00:00+00:00,14.07,25.84,309.9152,4
2019-06-06 11:00:00+00:00,13.92,63.72,316.114,4
2019-06-06 12:00:00+00:00,13.82,29.52,323.1322,4
2019-06-06 13:00:00+00:00,12.26,57.53,331.4605,4
2019-06-06 14:00:00+00:00,9.62,101.5,339.6628,4
2019-06-06 15:00:00+00:00,11.14,41.85,347.0104,4
2019-06-06 16:00:00+00:00,11.04,79.98,355.1745,4
2019-06-06 17:00:00+00:00,11.23,82.6,363.1908,4
2019-06-06 18:00:00+00:00,10.55,50.21,371.2416,4
2019-06-06 19:00:00+00:00,10.31,65.4,379.2607,4
2019-06-06 20:00:00+00:00,10.26,90.4,387.0524,4
2019-06-06 21:00:00+00:00,8.6,136.5,394.6708,4
2019-06-06 22:00:00+00:00,7.473,111.3,402.4305,4
2019-06-06 23:00:00+00:00,7.814,177.5,410.7698,4
2019-06-07 00:00:00+00:00,9.08,81.1,418.2198,4
2019-06-07 01:00:00+00:00,9.62,50.54,425.3936,4
2019-06-07 02:00:00+00:00,10.35,62.08,431.2615,4
2019-06-07 03:00:00+00:00,10.4,119.6,434.9576,4
2019-06-07 04:00:00+00:00,10.65,67.88,438.2081,4
2019-06-07 05:00:00+00:00,11.43,68.52,440.4458,4
2019-06-07 06:00:00+00:00,12.16,58.16,441.1937,4
2019-06-07 07:00:00+00:00,12.6,48.55,441.2872,4
2019-06-07 08:00:00+00:00,12.99,66.61,441.1001,4
2019-06-07 09:00:00+00:00,13.24,66.18,440.7261,4
2019-06-07 10:00:00+00:00,14.02,35.4,440.3524,4
2019-06-07 11:00:00+00:00,14.31,38.79,440.3524,4
2019-06-07 12:00:00+00:00,14.7,38.52,441.1002,4
2019-06-07 13:00:00+00:00,15.14,73.66,443.0674,4
2019-06-07 14:00:00+00:00,15.53,54.09,445.6057,4
2019-06-07 15:00:00+00:00,15.48,30.65,449.5708,4
2019-06-07 16:00:00+00:00,15.63,39.05,454.0374,4
2019-06-07 17:00:00+00:00,15.19,30.14,459.6849,4
2019-06-07 18:00:00+00:00,15.24,47.35,466.3481,4
2019-06-07 19:00:00+00:00,14.85,55.77,474.64,4
2019-06-07 20:00:00+00:00,14.75,33.62,483.1294,4
2019-06-07 21:00:00+00:00,14.36,38.98,491.417,4
2019-06-07 22:00:00+00:00,15.63,56.27,500.4031,4
2019-06-07 23:00:00+00:00,13.04,32.45,508.4693,4
2019-06-08 00:00:00+00:00,12.94,66.74,516.9355,4
2019-06-08 01:00:00+00:00,12.5,62.61,525.4885,4
2019-06-08 02:00:00+00:00,11.77,38.62,532.4438,4
2019-06-08 03:00:00+00:00,11.62,42.91,538.7069,4
2019-06-08 04:00:00+00:00,11.48,65.63,543.8405,4
2019-06-08 05:00:00+00:00,11.48,75,547.712,4
2019-06-08 06:00:00+00:00,11.18,36.39,550.6267,4
2019-06-08 07:00:00+00:00,10.79,59.7,553.9871,4
2019-06-08 08:00:00+00:00,10.84,103,556.2703,4
2019-06-08 09:00:00+00:00,11.23,70.98,558.4518,4
2019-06-08 10:00:00+00:00,10.99,73.77,557.9052,4
2019-06-08 11:00:00+00:00,10.74,59.93,556.8152,4
2019-06-08 12:00:00+00:00,10.99,49.16,556.5969,4
2019-06-08 13:00:00+00:00,10.84,51.9,555.8358,4
2019-06-08 14:00:00+00:00,11.18,44.11,553.1191,4
2019-06-08 15:00:00+00:00,11.23,74.34,550.4099,4
2019-06-08 16:00:00+00:00,11.67,53.15,548.1431,4
2019-06-08 17:00:00+00:00,12.01,39.88,545.7731,4
2019-06-08 18:00:00+00:00,11.82,79.98,543.7321,4
2019-06-08 19:00:00+00:00,12.26,46.09,540.0944,4
2019-06-08 20:00:00+00:00,12.5,45,535.8322,4
2019-06-08 21:00:00+00:00,12.75,30.84,533.3912,4
2019-06-08 22:00:00+00:00,12.99,47.64,530.4319,4
2019-06-08 23:00:00+00:00,13.09,44.31,526.4313,4
2019-06-09 00:00:00+00:00,12.7,41.06,522.8667,4
2019-06-09 01:00:00+00:00,13.38,41.89,519.8428,4
2019-06-09 02:00:00+00:00,13.72,38.62,514.3406,4
2019-06-09 03:00:00+00:00,13.38,47.02,514.4432,4
2019-06-09 04:00:00+00:00,15.63,28.83,510.1112,4
2019-06-09 05:00:00+00:00,13.48,49.85,505.5977,4
2019-06-09 06:00:00+00:00,13.38,34.62,502.9425,4
2019-06-09 07:00:00+00:00,13.38,30.4,499.1812,4
2019-06-09 08:00:00+00:00,13.48,21.28,495.4355,4
2019-06-09 09:00:00+00:00,13.72,38.36,490.7114,4
2019-06-09 10:00:00+00:00,13.24,24.92,486.5081,4
2019-06-09 11:00:00+00:00,13.53,32.63,483.3225,4
2019-06-09 12:00:00+00:00,13.87,24.72,480.4486,4
2019-06-09 13:00:00+00:00,13.82,23,475.0318,4
2019-06-09 14:00:00+00:00,13.87,28.63,473.5575,4
2019-06-09 15:00:00+00:00,13.72,44.34,471.5029,4
2019-06-09 16:00:00+00:00,13.97,22.95,470.0382,4
2019-06-09 17:00:00+00:00,14.07,20.88,470.038,4
2019-06-09 18:00:00+00:00,14.02,26.75,470.1355,4
2019-06-09 19:00:00+00:00,14.07,32.25,472.8723,4
2019-06-09 20:00:00+00:00,13.97,31.67,473.0674,4
2019-06-09 21:00:00+00:00,14.07,23.18,475.323,4
2019-06-09 22:00:00+00:00,13.92,25.72,476.0103,4
2019-06-09 23:00:00+00:00,13.87,20.03,477.1921,4
2019-06-10 00:00:00+00:00,13.87,32.17,476.6004,4
2019-06-10 01:00:00+00:00,13.53,22.38,476.8957,4
2019-06-10 02:00:00+00:00,13.24,24.27,478.0783,4
2019-06-10 03:00:00+00:00,13.48,30.4,479.7561,4
2019-06-10 04:00:00+00:00,13.77,27.71,482.2313,4
2019-06-10 05:00:00+00:00,15.63,34.49,484.8135,4
2019-06-10 06:00:00+00:00,13.53,28.5,488.7053,4
2019-06-10 07:00:00+00:00,13.87,30.47,492.9177,4
2019-06-10 08:00:00+00:00,15.63,35.74,496.1441,4
2019-06-10 09:00:00+00:00,13.92,24.27,500.8047,4
2019-06-10 10:00:00+00:00,14.02,25.65,504.4732,4
2019-06-10 11:00:00+00:00,14.07,47.24,507.6448,4
2019-06-10 12:00:00+00:00,14.07,33.6,509.0816,4
2019-06-10 13:00:00+00:00,14.11,36.95,511.3451,4
2019-06-10 14:00:00+00:00,15.63,38.29,511.551,4
2019-06-10 15:00:00+00:00,14.16,34.18,510.7277,4
2019-06-10 16:00:00+00:00,14.41,36.34,507.8505,4
2019-06-10 17:00:00+00:00,14.36,57.94,505.1872,4
2019-06-10 18:00:00+00:00,14.41,31.62,501.8216,4
2019-06-10 19:00:00+00:00,14.7,30.97,497.5629,4
2019-06-10 20:00:00+00:00,15.63,28.42,491.7121,4
2019-06-10 21:00:00+00:00,15.78,25.28,486.1125,4
2019-06-10 22:00:00+00:00,16.36,36.3,478.772,4
2019-06-10 23:00:00+00:00,17.09,37.07,472.3844,4
2019-06-11 00:00:00+00:00,17.29,29.06,465.8634,4
2019-06-11 01:00:00+00:00,17.29,18.95,458.1486,4
2019-06-11 02:00:00+00:00,17.83,44.11,449.2981,4
2019-06-11 03:00:00+00:00,18.36,26.51,442.6067,4
2019-06-11 04:00:00+00:00,18.75,18.64,432.9263,4
2019-06-11 05:00:00+00:00,19,31.84,424.6669,4
2019-06-11 06:00:00+00:00,18.8,19.93,416.5057,4
2019-06-11 07:00:00+00:00,18.66,20.89,407.6156,4
2019-06-11 08:00:00+00:00,18.46,24.89,399.3833,4
2019-06-11 09:00:00+00:00,18.46,19.58,392.5485,4
2019-06-11 10:00:00+00:00,18.17,15.21,386.4145,4
2019-06-11 11:00:00+00:00,18.46,13.66,380.3927,4
2019-06-11 12:00:00+00:00,18.61,20.84,374.2979,4
2019-06-11 13:00:00+00:00,18.27,10.73,368.5042,4
2019-06-11 14:00:00+00:00,18.46,18.37,362.2652,4
2019-06-11 15:00:00+00:00,18.46,19.39,357.0591,4
2019-06-11 16:00:00+00:00,18.85,19.3,351.6522,4
2019-06-11 17:00:00+00:00,18.46,12.98,345.9868,4
2019-06-11 18:00:00+00:00,19.05,13.82,341.0268,4
2019-06-11 19:00:00+00:00,18.66,9.73,336.4596,4
2019-06-11 20:00:00+00:00,18.56,15.35,331.6897,4
2019-06-11 21:00:00+00:00,18.17,10.4,326.7251,4
2019-06-11 22:00:00+00:00,18.66,12.43,322.0302,4
2019-06-11 23:00:00+00:00,18.41,14.96,317.4845,4
2019-06-12 00:00:00+00:00,18.07,12.49,313.545,4
2019-06-12 01:00:00+00:00,18.66,9.08,310.0828,4
2019-06-12 02:00:00+00:00,17.83,7.71,305.8553,4
2019-06-12 03:00:00+00:00,17.78,11.88,301.8246,4
2019-06-12 04:00:00+00:00,17.88,9.68,298.4878,4
2019-06-12 05:00:00+00:00,17.92,9.59,295.0067,4
2019-06-12 06:00:00+00:00,17.78,11.82,291.2176,4
2019-06-12 07:00:00+00:00,17.48,12.29,287.6724,4
2019-06-12 08:00:00+00:00,17.88,16.81,284.2591,4
2019-06-12 09:00:00+00:00,17.63,10.92,280.1159,4
2019-06-12 10:00:00+00:00,17.78,8.26,277.0169,4
2019-06-12 11:00:00+00:00,18.56,5.74,273.4067,4
2019-06-12 12:00:00+00:00,18.07,7.04,270.2944,4
2019-06-12 13:00:00+00:00,17.68,14.08,267.3063,4
2019-06-12 14:00:00+00:00,17.63,7.07,264.2839,4
2019-06-12 15:00:00+00:00,17.44,6.47,261.4346,4
2019-06-12 16:00:00+00:00,17.53,5.8,258.4985,4
2019-06-12 17:00:00+00:00,17.48,7.95,255.9393,4
2019-06-12 18:00:00+00:00,17.39,7.54,253.1884,4
2019-06-12 19:00:00+00:00,17.39,9.27,251.2626,4
2019-06-12 20:00:00+00:00,17.63,8.73,249.2944,4
2019-06-12 21:00:00+00:00,17.44,8.55,247.9368,4
2019-06-12 22:00:00+00:00,17.53,6.74,246.5329,4
2019-06-12 23:00:00+00:00,17.24,7.2,244.9835,4
2019-06-13 00:00:00+00:00,17.58,5.39,243.2409,4
2019-06-13 01:00:00+00:00,17.48,6.33,241.7026,4
2019-06-13 02:00:00+00:00,17.63,6.59,239.6765,4
2019-06-13 03:00:00+00:00,17,4.35,238.544,4
2019-06-13 04:00:00+00:00,16.9,5.85,236.3355,4
2019-06-13 05:00:00+00:00,16.9,7.53,234.7236,4
2019-06-13 06:00:00+00:00,17.39,7.41,233.263,4
2019-06-13 07:00:00+00:00,16.46,9.42,231.6135,4
2019-06-13 08:00:00+00:00,16.41,4.27,229.8261,4
2019-06-13 09:00:00+00:00,16.51,6.78,228.1415,4
2019-06-13 10:00:00+00:00,16.21,4.41,226.4636,4
2019-06-13 11:00:00+00:00,16.12,5.32,224.4595,4
2019-06-13 12:00:00+00:00,15.73,7.93,222.4644,4
2019-06-13 13:00:00+00:00,15.97,5.63,221.092,4
2019-06-13 14:00:00+00:00,16.26,6.74,219.8657,4
2019-06-13 15:00:00+00:00,16.07,5.52,218.6904,4
2019-06-13 16:00:00+00:00,16.36,5.52,218.4084,4
2019-06-13 17:00:00+00:00,16.46,5.07,218.0332,4
2019-06-13 18:00:00+00:00,16.75,6.81,218.08,4
2019-06-13 19:00:00+00:00,16.56,6.47,218.9721,4
2019-06-13 20:00:00+00:00,17,4.38,220.1955,4
2019-06-13 21:00:00+00:00,16.85,5,221.1392,4
2019-06-13 22:00:00+00:00,17.09,6.03,222.8437,4
2019-06-13 23:00:00+00:00,17.24,4.97,224.0306,4
2019-06-14 00:00:00+00:00,17.14,8.22,224.8877,4
2019-06-14 01:00:00+00:00,16.95,7.31,225.9853,4
2019-06-14 02:00:00+00:00,16.7,4.37,226.8942,4
2019-06-14 03:00:00+00:00,16.51,5.41,227.9492,4
2019-06-14 04:00:00+00:00,16.17,6.31,228.6216,4
2019-06-14 05:00:00+00:00,15.48,5.95,228.5736,4
2019-06-14 06:00:00+00:00,15.24,5.93,228.1892,4
2019-06-14 07:00:00+00:00,15.29,5.3,227.9971,4
2019-06-14 08:00:00+00:00,14.75,7.24,227.5652,4
2019-06-14 09:00:00+00:00,15.87,7.36,226.8464,4
2019-06-14 10:00:00+00:00,14.65,6.69,225.4126,4
2019-06-14 11:00:00+00:00,15.24,7.05,224.0781,4
2019-06-14 12:00:00+00:00,14.26,5.72,223.3656,4
2019-06-14 13:00:00+00:00,14.02,7.3,222.1322,4
2019-06-14 14:00:00+00:00,14.51,4.54,221.5644,4
2019-06-14 15:00:00+00:00,14.36,6.91,221.2809,4
2019-06-14 16:00:00+00:00,14.6,5.99,221.328,4
2019-06-14 17:00:00+00:00,14.6,5.23,222.322,4
2019-06-14 18:00:00+00:00,14.75,6.15,223.2705,4
2019-06-14 19:00:00+00:00,14.85,4.76,224.8403,4
2019-06-14 20:00:00+00:00,15.04,4.8,227.0868,4
2019-06-14 21:00:00+00:00,15.04,6.2,229.1996,4
2019-06-14 22:00:00+00:00,14.85,13.18,231.1296,4
2019-06-14 23:00:00+00:00,14.8,5.08,233.0201,5
2019-06-15 00:00:00+00:00,14.7,5.07,235.0166,5
2019-06-15 01:00:00+00:00,14.7,5.86,237.2669,5
2019-06-15 02:00:00+00:00,14.75,6.96,239.2819,5
2019-06-15 03:00:00+00:00,14.7,6.55,240.812,5
2019-06-15 04:00:00+00:00,14.65,4.1,241.7023,5
2019-06-15 05:00:00+00:00,14.95,7.04,242.3466,5
2019-06-15 06:00:00+00:00,14.36,8.47,242.3963,5
2019-06-15 07:00:00+00:00,14.16,6.59,242.5949,5
2019-06-15 08:00:00+00:00,15.63,9.9,241.4052,5
2019-06-15 09:00:00+00:00,14.16,4.27,240.2189,5
2019-06-15 10:00:00+00:00,13.63,6.85,239.1341,5
2019-06-15 11:00:00+00:00,13.28,7.75,237.659,5
2019-06-15 12:00:00+00:00,13.38,7.33,235.9443,5
2019-06-15 13:00:00+00:00,13.58,5.91,234.236,5
2019-06-15 14:00:00+00:00,13.38,5.55,232.7285,5
2019-06-15 15:00:00+00:00,13.14,15.64,231.9039,5
2019-06-15 16:00:00+00:00,13.24,5.78,231.3712,5
2019-06-15 17:00:00+00:00,13.68,8.27,231.0809,5
2019-06-15 18:00:00+00:00,13.77,6,231.081,5
2019-06-15 19:00:00+00:00,13.77,4.07,231.3712,5
2019-06-15 20:00:00+00:00,13.92,6.02,231.7103,5
2019-06-15 21:00:00+00:00,13.77,4.69,232.9711,5
2019-06-15 22:00:00+00:00,13.63,8.09,234.6263,5
2019-06-15 23:00:00+00:00,13.58,5.26,236.5811,5
2019-06-16 00:00:00+00:00,13.68,6.74,239.0852,5
2019-06-16 01:00:00+00:00,15.63,5.97,240.9603,5
2019-06-16 02:00:00+00:00,13.48,8.32,242.7938,5
2019-06-16 03:00:00+00:00,13.72,6.26,244.7342,5
2019-06-16 04:00:00+00:00,14.02,6.19,245.6325,5
2019-06-16 05:00:00+00:00,13.68,6.96,247.0337,5
2019-06-16 06:00:00+00:00,13.77,4.16,247.4345,5
2019-06-16 07:00:00+00:00,13.58,14.47,247.6352,5
2019-06-16 08:00:00+00:00,13.72,7.66,247.2841,5
2019-06-16 09:00:00+00:00,15.63,5.13,246.0824,5
2019-06-16 10:00:00+00:00,13.24,6.35,245.4326,5
2019-06-16 11:00:00+00:00,12.89,8.63,244.8836,5
2019-06-16 12:00:00+00:00,13.04,5.6,243.6881,5
2019-06-16 13:00:00+00:00,12.65,4.73,242.2479,5
2019-06-16 14:00:00+00:00,12.5,6.47,240.7128,5
2019-06-16 15:00:00+00:00,12.7,6.25,239.9719,5
2019-06-16 16:00:00+00:00,12.55,7.6,239.4787,5
2019-06-16 17:00:00+00:00,12.84,6.07,239.5773,5
2019-06-16 18:00:00+00:00,12.5,5.98,238.937,5
2019-06-16 19:00:00+00:00,12.45,4.21,239.2324,5
2019-06-16 20:00:00+00:00,12.65,6.69,240.3177,5
2019-06-16 21:00:00+00:00,12.55,5.51,241.0099,5
2019-06-16 22:00:00+00:00,12.6,6.05,242.5948,5
2019-06-16 23:00:00+00:00,12.7,6.85,243.1907,5
2019-06-17 00:00:00+00:00,12.8,4.11,243.987,5
2019-06-17 01:00:00+00:00,12.65,4.29,245.3826,5
2019-06-17 02:00:00+00:00,13.24,5.54,246.5329,5
2019-06-17 03:00:00+00:00,12.75,4.54,246.9332,5
2019-06-17 04:00:00+00:00,12.21,5.3,246.9333,5
2019-06-17 05:00:00+00:00,12.21,4.63,246.0323,5
2019-06-17 06:00:00+00:00,12.06,5.5,245.5825,5
2019-06-17 07:00:00+00:00,11.92,5.54,244.9335,5
2019-06-17 08:00:00+00:00,11.87,4.76,244.0863,5
2019-06-17 09:00:00+00:00,11.77,5.33,242.5951,5
2019-06-17 10:00:00+00:00,11.97,6.71,240.6143,5
2019-06-17 11:00:00+00:00,11.97,3.43,239.0848,5
2019-06-17 12:00:00+00:00,11.67,5.6,237.8553,5
2019-06-17 13:00:00+00:00,11.92,8.62,236.4825,5
2019-06-17 14:00:00+00:00,11.77,8.43,235.0159,5
2019-06-17 15:00:00+00:00,11.53,4.26,234.4305,5
2019-06-17 16:00:00+00:00,11.87,5.89,233.8463,5
2019-06-17 17:00:00+00:00,11.77,8.71,233.9922,5
2019-06-17 18:00:00+00:00,11.82,4.29,234.041,5
2019-06-17 19:00:00+00:00,12.31,7.94,234.7231,5
2019-06-17 20:00:00+00:00,12.11,7.29,235.9443,5
2019-06-17 21:00:00+00:00,12.26,4.15,237.9048,5
2019-06-17 22:00:00+00:00,12.16,7.82,240.0712,5
2019-06-17 23:00:00+00:00,12.41,6.49,242.1489,5
2019-06-18 00:00:00+00:00,12.26,8.95,244.0368,5
2019-06-18 01:00:00+00:00,12.36,9.05,246.0326,5
2019-06-18 02:00:00+00:00,12.31,3.31,247.5853,5
2019-06-18 03:00:00+00:00,12.55,3.43,248.8411,5
2019-06-18 04:00:00+00:00,12.6,4.52,249.3948,5
2019-06-18 05:00:00+00:00,12.01,7.52,250.05,5
2019-06-18 06:00:00+00:00,12.06,3.9,249.8483,5
2019-06-18 07:00:00+00:00,11.87,6.86,249.3445,5
2019-06-18 08:00:00+00:00,12.11,3.48,248.7909,5
2019-06-18 09:00:00+00:00,11.77,7.92,247.6353,5
2019-06-18 10:00:00+00:00,12.01,3.73,246.5328,5
2019-06-18 11:00:00+00:00,11.77,6.69,244.9337,5
2019-06-18 12:00:00+00:00,12.21,6.52,243.8375,5
2019-06-18 13:00:00+00:00,12.26,5.06,242.2477,5
2019-06-18 14:00:00+00:00,12.36,5.28,240.5648,5
2019-06-18 15:00:00+00:00,12.16,4.49,239.0355,5
2019-06-18 16:00:00+00:00,12.45,5.05,238.2974,5
2019-06-18 17:00:00+00:00,12.41,5.72,237.2173,5
2019-06-18 18:00:00+00:00,12.41,4.59,236.629,5
2019-06-18 19:00:00+00:00,12.6,4.4,236.2863,5
2019-06-18 20:00:00+00:00,12.21,4.99,236.5801,5
2019-06-18 21:00:00+00:00,12.21,7.95,237.0211,5
2019-06-18 22:00:00+00:00,12.65,6.58,237.6096,5
2019-06-18 23:00:00+00:00,12.45,6.59,238.4449,5
2019-06-19 00:00:00+00:00,12.5,4.14,238.74,5
2019-06-19 01:00:00+00:00,12.31,7.44,239.3802,5
2019-06-19 02:00:00+00:00,12.55,6.6,239.7746,5
2019-06-19 03:00:00+00:00,12.41,7.05,240.0213,5
2019-06-19 04:00:00+00:00,12.55,5.62,240.0213,5
2019-06-19 05:00:00+00:00,12.41,3.96,239.7253,5
2019-06-19 06:00:00+00:00,12.21,8.42,239.3805,5
2019-06-19 07:00:00+00:00,12.5,4.86,238.2483,5
2019-06-19 08:00:00+00:00,12.8,4.49,237.1683,5
2019-06-19 09:00:00+00:00,15.63,8.79,236.1396,5
2019-06-19 10:00:00+00:00,13.38,9.49,235.0648,5
2019-06-19 11:00:00+00:00,15.63,5.06,233.5059,5
2019-06-19 12:00:00+00:00,13.28,5.92,231.9527,5
2019-06-19 13:00:00+00:00,13.38,4.51,230.6461,5
2019-06-19 14:00:00+00:00,13.14,5.6,229.2957,5
2019-06-19 15:00:00+00:00,12.8,5.26,227.5176,5
2019-06-19 16:00:00+00:00,13.09,4.44,225.5083,5
2019-06-19 17:00:00+00:00,13.24,3.96,224.4112,5
2019-06-19 18:00:00+00:00,13.24,4.92,224.0305,5
2019-06-19 19:00:00+00:00,13.58,3.34,223.7927,5
2019-06-19 20:00:00+00:00,13.87,5.18,224.2684,5
2019-06-19 21:00:00+00:00,13.72,4.59,224.8876,5
2019-06-19 22:00:00+00:00,13.58,3.5,225.842,5
2019-06-19 23:00:00+00:00,14.16,4.81,226.6071,5
2019-06-20 00:00:00+00:00,14.07,4.81,227.8051,5
2019-06-20 01:00:00+00:00,14.16,4.57,228.6217,5
2019-06-20 02:00:00+00:00,15.63,3.84,229.3436,5
2019-06-20 03:00:00+00:00,14.11,3.81,229.7772,5
2019-06-20 04:00:00+00:00,14.07,8.16,229.8254,5
2019-06-20 05:00:00+00:00,14.07,4.88,229.5363,5
2019-06-20 06:00:00+00:00,13.92,3.07,228.9584,5
2019-06-20 07:00:00+00:00,13.97,3.38,228.1892,5
2019-06-20 08:00:00+00:00,13.82,3.8,226.9425,5
2019-06-20 09:00:00+00:00,13.53,3.54,225.5078,5
2019-06-20 10:00:00+00:00,13.63,2.82,224.2211,5
2019-06-20 11:00:00+00:00,15.63,4.49,222.4644,5
2019-06-20 12:00:00+00:00,13.04,6.84,220.8558,5
2019-06-20 13:00:00+00:00,12.89,7.22,219.6306,5
2019-06-20 14:00:00+00:00,13.14,3.67,218.174,5
2019-06-20 15:00:00+00:00,13.14,3.93,217.3306,5
2019-06-20 16:00:00+00:00,12.5,6.07,216.209,5
2019-06-20 17:00:00+00:00,12.99,4.68,215.5094,5
2019-06-20 18:00:00+00:00,12.84,5.29,214.9973,5
2019-06-20 19:00:00+00:00,13.09,4.67,215.0903,5
2019-06-20 20:00:00+00:00,12.89,4.29,215.5094,5
2019-06-20 21:00:00+00:00,13.04,4.11,216.3491,5
2019-06-20 22:00:00+00:00,12.99,2.91,217.0499,5
2019-06-20 23:00:00+00:00,12.89,3.69,218.0334,5
2019-06-21 00:00:00+00:00,12.8,3.12,218.7839,5
2019-06-21 01:00:00+00:00,12.8,2.59,219.2069,5
2019-06-21 02:00:00+00:00,13.09,3.32,220.1483,5
2019-06-21 03:00:00+00:00,13.28,2.62,221.1865,5
2019-06-21 04:00:00+00:00,12.26,2.81,222.512,5
2019-06-21 05:00:00+00:00,12.45,2.94,224.1258,5
2019-06-21 06:00:00+00:00,12.55,8.01,225.3648,5
2019-06-21 07:00:00+00:00,12.21,2.75,226.8947,5
2019-06-21 08:00:00+00:00,11.67,3.76,229.1035,5
2019-06-21 09:00:00+00:00,12.01,4.12,231.1781,5
2019-06-21 10:00:00+00:00,12.01,4.08,233.0203,5
2019-06-21 11:00:00+00:00,11.72,3.27,235.2115,5
2019-06-21 12:00:00+00:00,11.48,3.6,237.3165,5
2019-06-21 13:00:00+00:00,11.82,4.15,240.6152,5
2019-06-21 14:00:00+00:00,11.82,3.92,244.0379,5
2019-06-21 15:00:00+00:00,12.01,3.88,247.2854,5
2019-06-21 16:00:00+00:00,12.06,5.95,250.9104,5
2019-06-21 17:00:00+00:00,11.97,6.43,255.2768,5
2019-06-21 18:00:00+00:00,12.06,4.23,259.9924,5
2019-06-21 19:00:00+00:00,12.01,4,264.7531,5
2019-06-21 20:00:00+00:00,12.21,3.81,269.3504,5
2019-06-21 21:00:00+00:00,11.87,5.46,273.8841,5
2019-06-21 22:00:00+00:00,13.53,7.38,278.1906,5
2019-06-21 23:00:00+00:00,11.87,8.44,281.8335,5
2019-06-22 00:00:00+00:00,11.18,6.54,285.0152,5
2019-06-22 01:00:00+00:00,11.38,8.53,287.6173,5
2019-06-22 02:00:00+00:00,11.23,9.16,289.6322,5
2019-06-22 03:00:00+00:00,11.28,8.09,291.5449,5
2019-06-22 04:00:00+00:00,11.04,7.65,293.0799,5
2019-06-22 05:00:00+00:00,10.99,11.16,294.3441,5
2019-06-22 06:00:00+00:00,10.89,7.88,295.6115,5
2019-06-22 07:00:00+00:00,11.18,6.6,297.3239,5
2019-06-22 08:00:00+00:00,11.43,12.58,298.9307,5
2019-06-22 09:00:00+00:00,11.82,8.6,300.5977,5
2019-06-22 10:00:00+00:00,11.67,9.32,301.8234,5
2019-06-22 11:00:00+00:00,11.82,9.28,305.1284,5
2019-06-22 12:00:00+00:00,12.16,6.63,306.305,5
2019-06-22 13:00:00+00:00,11.82,12.06,307.0342,5
2019-06-22 14:00:00+00:00,11.87,11.05,309.46,5
2019-06-22 15:00:00+00:00,12.11,9.83,312.0658,5
2019-06-22 16:00:00+00:00,12.45,11.48,315.9985,5
2019-06-22 17:00:00+00:00,12.7,6.9,320.2989,5
2019-06-22 18:00:00+00:00,12.65,10.53,324.3436,5
2019-06-22 19:00:00+00:00,13.19,13.72,329.9351,5
2019-06-22 20:00:00+00:00,13.58,11.54,336.6395,5
2019-06-22 21:00:00+00:00,13.87,10.27,343.9536,5
2019-06-22 22:00:00+00:00,14.31,10.59,352.0788,5
2019-06-22 23:00:00+00:00,14.9,9.9,358.7081,5
2019-06-23 00:00:00+00:00,15.14,14.26,363.9889,5
2019-06-23 01:00:00+00:00,15.78,10.92,368.8124,5
2019-06-23 02:00:00+00:00,16.36,14.59,371.6099,5
2019-06-23 03:00:00+00:00,17,12.26,372.5453,5
2019-06-23 04:00:00+00:00,16.9,17.49,372.4829,5
2019-06-23 05:00:00+00:00,17.68,21.88,371.1117,5
2019-06-23 06:00:00+00:00,18.07,28.83,368.8114,5
2019-06-23 07:00:00+00:00,18.46,30.37,365.9619,5
2019-06-23 08:00:00+00:00,19.15,27.95,362.8167,5
2019-06-23 09:00:00+00:00,19.39,22.04,360.4209,5
2019-06-23 10:00:00+00:00,19.88,15.98,357.6673,5
2019-06-23 11:00:00+00:00,20.27,19.93,354.8644,5
2019-06-23 12:00:00+00:00,20.17,21.86,352.0731,5
2019-06-23 13:00:00+00:00,20.71,13.06,349.5949,5
2019-06-23 14:00:00+00:00,21.44,11.02,347.006,5
2019-06-23 15:00:00+00:00,21.34,8.55,344.607,5
2019-06-23 16:00:00+00:00,22.08,14.39,342.3955,5
2019-06-23 17:00:00+00:00,22.17,13.26,340.6084,5
2019-06-23 18:00:00+00:00,23.05,14.59,338.5887,5
2019-06-23 19:00:00+00:00,22.42,15.16,336.9306,5
2019-06-23 20:00:00+00:00,22.32,7.34,334.7458,5
2019-06-23 21:00:00+00:00,22.52,8.84,332.8038,5
2019-06-23 22:00:00+00:00,22.86,11.28,330.6334,5
2019-06-23 23:00:00+00:00,22.66,11.36,328.6461,5
2019-06-24 00:00:00+00:00,22.32,13.04,326.1411,5
2019-06-24 01:00:00+00:00,22.91,5.74,323.4158,5
2019-06-24 02:00:00+00:00,22.81,13.4,320.7592,5
2019-06-24 03:00:00+00:00,22.52,8.17,318.0003,5
2019-06-24 04:00:00+00:00,22.12,5.74,315.3111,5
2019-06-24 05:00:00+00:00,22.03,6.36,312.4632,5
2019-06-24 06:00:00+00:00,21.64,8.06,309.5733,5
2019-06-24 07:00:00+00:00,22.27,7.51,306.5846,5
2019-06-24 08:00:00+00:00,21.25,6.63,302.9972,5
2019-06-24 09:00:00+00:00,21.68,10.36,299.487,5
2019-06-24 10:00:00+00:00,22.03,6.55,296.3849,5
2019-06-24 11:00:00+00:00,21.39,7.67,292.8065,5
2019-06-24 12:00:00+00:00,21.2,11.34,289.1971,5
2019-06-24 13:00:00+00:00,20.95,4.59,285.9357,5
2019-06-24 14:00:00+00:00,21.25,5.19,282.4254,5
2019-06-24 15:00:00+00:00,20.81,5.73,279.526,5
2019-06-24 16:00:00+00:00,21.68,3.94,277.1757,5
2019-06-24 17:00:00+00:00,21.64,5.12,275.1015,5
2019-06-24 18:00:00+00:00,21.54,4.89,272.8768,5
2019-06-24 19:00:00+00:00,20.71,4.54,271.0831,5
2019-06-24 20:00:00+00:00,20.61,4.09,269.6629,5
2019-06-24 21:00:00+00:00,20.51,5.33,268.6661,5
2019-06-24 22:00:00+00:00,20.85,4.87,267.8281,5
2019-06-24 23:00:00+00:00,20.51,7.33,267.1484,5
2019-06-25 00:00:00+00:00,19.73,7.35,266.2087,5
2019-06-25 01:00:00+00:00,19.39,5.04,265.4791,5
2019-06-25 02:00:00+00:00,19.98,5.63,264.5946,5
2019-06-25 03:00:00+00:00,19.05,4.59,263.8153,5
2019-06-25 04:00:00+00:00,19.24,3.94,262.4681,5
2019-06-25 05:00:00+00:00,19.58,3.5,260.7111,5
2019-06-25 06:00:00+00:00,19.05,8.98,259.1148,5
2019-06-25 07:00:00+00:00,19.54,2.29,257.5752,5
2019-06-25 08:00:00+00:00,18.66,5.1,255.4279,5
2019-06-25 09:00:00+00:00,18.41,5.9,253.5946,5
2019-06-25 10:00:00+00:00,18.12,3.57,251.4651,5
2019-06-25 11:00:00+00:00,18.17,3.86,249.3951,5
2019-06-25 12:00:00+00:00,18.46,4.44,247.736,5
2019-06-25 13:00:00+00:00,17.83,3.62,246.0325,5
2019-06-25 14:00:00+00:00,17.83,6.59,244.5349,5
2019-06-25 15:00:00+00:00,17.39,3.04,242.7441,5
2019-06-25 16:00:00+00:00,17.63,4.33,241.158,5
2019-06-25 17:00:00+00:00,17.34,3.74,240.0707,5
2019-06-25 18:00:00+00:00,17.73,3.34,239.1339,5
2019-06-25 19:00:00+00:00,17.29,5.28,238.1991,5
2019-06-25 20:00:00+00:00,17.68,3.98,237.3643,5
2019-06-25 21:00:00+00:00,17.34,5.16,236.5801,5
2019-06-25 22:00:00+00:00,17.58,2.95,236.0417,5
2019-06-25 23:00:00+00:00,17.19,5.99,235.4552,5
2019-06-26 00:00:00+00:00,17.78,3.25,234.6256,5
2019-06-26 01:00:00+00:00,17.44,4.12,233.9922,5
2019-06-26 02:00:00+00:00,17.19,2.79,233.1169,5
2019-06-26 03:00:00+00:00,17.14,3.02,232.4371,5
2019-06-26 04:00:00+00:00,17.39,3.12,231.4198,5
2019-06-26 05:00:00+00:00,17.29,2.57,230.3081,5
2019-06-26 06:00:00+00:00,17.68,2.5,229.3437,5
2019-06-26 07:00:00+00:00,17.14,2.25,228.0454,5
2019-06-26 08:00:00+00:00,17.05,4.15,226.2725,5
2019-06-26 09:00:00+00:00,17.09,2.71,224.3643,5
2019-06-26 10:00:00+00:00,16.36,2.82,222.6063,5
2019-06-26 11:00:00+00:00,16.36,2.95,220.9505,5
2019-06-26 12:00:00+00:00,16.21,3.03,219.4422,5
2019-06-26 13:00:00+00:00,16.17,3.1,217.425,5
2019-06-26 14:00:00+00:00,16.07,2.73,215.6496,5
2019-06-26 15:00:00+00:00,16.07,3.71,214.5788,5
2019-06-26 16:00:00+00:00,16.02,2.84,213.2795,5
2019-06-26 17:00:00+00:00,16.17,3.04,213.233,5
2019-06-26 18:00:00+00:00,16.12,3.66,213.3256,5
2019-06-26 19:00:00+00:00,16.17,2.24,211.8468,5
2019-06-26 20:00:00+00:00,16.31,2.59,212.1695,5
2019-06-26 21:00:00+00:00,16.36,2.55,211.9383,5
2019-06-26 22:00:00+00:00,16.31,2.45,211.4764,5
2019-06-26 23:00:00+00:00,16.17,3.04,211.9842,5
2019-06-27 00:00:00+00:00,16.07,2.32,212.6311,5
2019-06-27 01:00:00+00:00,16.41,2.31,213.2793,5
2019-06-27 02:00:00+00:00,16.17,2.35,213.3719,5
2019-06-27 03:00:00+00:00,16.41,2.4,212.4006,5
2019-06-27 04:00:00+00:00,16.61,2.42,213.5112,5
2019-06-27 05:00:00+00:00,16.07,2.16,214.5788,5
2019-06-27 06:00:00+00:00,16.07,3.15,215.6028,5
2019-06-27 07:00:00+00:00,15.78,3.04,216.5357,5
2019-06-27 08:00:00+00:00,15.78,2.92,217.0966,5
2019-06-27 09:00:00+00:00,17.39,2.4,217.752,5
2019-06-27 10:00:00+00:00,15.14,2.56,218.3145,5
2019-06-27 11:00:00+00:00,15.29,3.09,218.4084,5
2019-06-27 12:00:00+00:00,14.75,4.24,217.8925,5
2019-06-27 13:00:00+00:00,15.48,3.79,217.752,5
2019-06-27 14:00:00+00:00,14.41,4.68,217.7051,5
2019-06-27 15:00:00+00:00,14.55,4.63,217.2837,5
2019-06-27 16:00:00+00:00,14.6,3.81,216.9563,5
2019-06-27 17:00:00+00:00,19.54,4.35,216.7226,5
2019-06-27 18:00:00+00:00,15.38,3.33,216.489,5
2019-06-27 19:00:00+00:00,16.07,2.13,216.3022,5
2019-06-27 20:00:00+00:00,15.53,3.46,216.1623,5
2019-06-27 21:00:00+00:00,15.68,2.3,215.6958,5
2019-06-27 22:00:00+00:00,16.31,4.4,215.1369,5
2019-06-27 23:00:00+00:00,16.07,4.25,215.0437,5
2019-06-28 00:00:00+00:00,16.07,2.04,215.23,5
2019-06-28 01:00:00+00:00,16.41,2.98,215.2765,5
2019-06-28 02:00:00+00:00,17.68,2.24,214.4399,5
2019-06-28 03:00:00+00:00,16.31,4.08,212.8625,5
2019-06-28 04:00:00+00:00,16.21,2.97,212.0306,5
2019-06-28 05:00:00+00:00,15.87,4.18,210.2794,5
2019-06-28 06:00:00+00:00,15.78,2.97,209.7735,5
2019-06-28 07:00:00+00:00,15.68,3.21,209.0397,5
2019-06-28 08:00:00+00:00,15.53,1.94,207.53,5
2019-06-28 09:00:00+00:00,15.87,2.15,206.0718,5
2019-06-28 10:00:00+00:00,15.63,3.69,204.0303,5
2019-06-28 11:00:00+00:00,15.97,3.47,202.4946,5
2019-06-28 12:00:00+00:00,15.73,3.07,201.19,5
2019-06-28 13:00:00+00:00,15.63,4.73,199.5323,5
2019-06-28 14:00:00+00:00,15.68,3.73,197.4366,5
2019-06-28 15:00:00+00:00,15.78,2.98,195.7508,5
2019-06-28 16:00:00+00:00,15.53,1.9,194.2048,5
2019-06-28 17:00:00+00:00,15.97,2.1,192.5781,5
2019-06-28 18:00:00+00:00,15.58,2.98,191.0457,5
2019-06-28 19:00:00+00:00,16.02,3.81,189.8677,5
2019-06-28 20:00:00+00:00,16.12,3.22,188.7379,5
2019-06-28 21:00:00+00:00,16.61,2.95,187.1786,5
2019-06-28 22:00:00+00:00,16.02,2.95,185.6695,5
2019-06-28 23:00:00+00:00,16.36,2.48,184.124,5
2019-06-29 00:00:00+00:00,16.31,3.04,182.5004,5
2019-06-29 01:00:00+00:00,16.41,1.96,181.011,5
2019-06-29 02:00:00+00:00,16.51,1.89,179.9094,5
2019-06-29 03:00:00+00:00,17.09,2.18,178.6845,5
2019-06-29 04:00:00+00:00,27.25,3.68,179.9112,5
2019-06-29 05:00:00+00:00,18.07,1.96,185.1631,5
2019-06-29 06:00:00+00:00,17.05,2.26,191.3983,5
2019-06-29 07:00:00+00:00,16.95,2.45,193.7202,5
2019-06-29 08:00:00+00:00,18.56,1.99,194.6898,5
2019-06-29 09:00:00+00:00,16.95,4.31,195.2638,5
2019-06-29 10:00:00+00:00,17.88,2.54,195.3964,5
2019-06-29 11:00:00+00:00,17.29,5.65,195.3964,5
2019-06-29 12:00:00+00:00,22.66,2.58,195.5733,5
2019-06-29 13:00:00+00:00,17.19,2.59,195.8388,5
2019-06-29 14:00:00+00:00,16.95,2.17,195.5733,5
2019-06-29 15:00:00+00:00,16.75,4.12,195.2196,5
2019-06-29 16:00:00+00:00,17.05,7.74,194.4692,5
2019-06-29 17:00:00+00:00,17.73,4.28,193.5883,5
2019-06-29 18:00:00+00:00,17.73,1.99,192.5777,5
2019-06-29 19:00:00+00:00,17.48,2.73,191.8764,5
2019-06-29 20:00:00+00:00,17.48,2.95,191.0455,5
2019-06-29 21:00:00+00:00,18.17,2.91,190.1726,5
2019-06-29 22:00:00+00:00,18.32,2.02,189.9548,5
2019-06-29 23:00:00+00:00,18.71,2.76,189.8677,5
2019-06-30 00:00:00+00:00,22.03,1.96,189.7371,5
2019-06-30 01:00:00+00:00,19.58,2.54,189.65,5
2019-06-30 02:00:00+00:00,20.22,2.29,189.7806,5
2019-06-30 03:00:00+00:00,20.22,3.36,189.7371,5
2019-06-30 04:00:00+00:00,20.51,2.53,189.563,5
2019-06-30 05:00:00+00:00,20.61,1.75,188.9546,5
2019-06-30 06:00:00+00:00,20.51,2.99,188.347,5
2019-06-30 07:00:00+00:00,20.71,2.66,187.3946,5
2019-06-30 08:00:00+00:00,20.66,2.38,186.0139,5
2019-06-30 09:00:00+00:00,20.61,2.81,184.4668,5
2019-06-30 10:00:00+00:00,20.71,2.05,182.5009,5
2019-06-30 11:00:00+00:00,20.32,4.57,180.4175,5
2019-06-30 12:00:00+00:00,20.37,2.56,179.1487,5
2019-06-30 13:00:00+00:00,20.27,2.27,177.7168,5
2019-06-30 14:00:00+00:00,20.22,2.91,176.0397,5
2019-06-30 15:00:00+00:00,20.37,2.01,174.7456,5
2019-06-30 16:00:00+00:00,20.32,1.85,173.4568,5
2019-06-30 17:00:00+00:00,20.22,5.84,172.0495,5
2019-06-30 18:00:00+00:00,20.27,2.56,170.4835,5
2019-06-30 19:00:00+00:00,20.37,1.97,169.0476,5
2019-06-30 20:00:00+00:00,20.66,2.16,167.8631,5
2019-06-30 21:00:00+00:00,20.76,2.41,166.7234,5
2019-06-30 22:00:00+00:00,21.39,3.85,165.75,5
2019-06-30 23:00:00+00:00,21.34,2.41,164.9007,5
2019-07-01 00:00:00+00:00,21.54,3.04,164.1343,5
2019-07-01 01:00:00+00:00,21.78,2.36,163.4905,5
2019-07-01 02:00:00+00:00,22.27,2.91,162.4473,5
2019-07-01 03:00:00+00:00,21.83,1.73,161.2478,5
2019-07-01 04:00:00+00:00,21.64,2.99,160.0132,5
2019-07-01 05:00:00+00:00,21.54,1.79,158.942,5
2019-07-01 06:00:00+00:00,21.44,1.74,158.2696,5
2019-07-01 07:00:00+00:00,21.29,2.39,157.0475,5
2019-07-01 08:00:00+00:00,21.34,1.42,156.0653,5
2019-07-01 09:00:00+00:00,21.34,1.76,155.1258,5
2019-07-01 10:00:00+00:00,21.54,1.8,154.2669,5
2019-07-01 11:00:00+00:00,21.68,1.79,153.8774,5
2019-07-01 12:00:00+00:00,21.15,4.94,153.3719,5
2019-07-01 13:00:00+00:00,21.15,1.74,152.751,5
2019-07-01 14:00:00+00:00,20.95,4.14,152.2861,5
